SubjectID,task,block,TYPE,LV,Accuracy,count,propTrials,RT_mean,RT_std
8571461,2FC,1.0,NV,L1,0,5.0,0.42,1370.0600000381469,381.4457340401044
8571461,2FC,1.0,NV,L1,1,7.0,0.58,1179.857142857143,273.0992424082359
8571461,2FC,1.0,NV,L1,miss,,,,
8571461,2FC,1.0,NV,L2,0,,,,
8571461,2FC,1.0,NV,L2,1,12.0,1.0,1192.8583333194256,318.09092885721725
8571461,2FC,1.0,NV,L2,miss,,,,
8571461,2FC,1.0,NV,L3,0,5.0,0.42,1236.6800000429153,372.5081435190506
8571461,2FC,1.0,NV,L3,1,7.0,0.58,1330.3285714047297,277.1352179780218
8571461,2FC,1.0,NV,L3,miss,,,,
8571461,2FC,1.0,NV,L4,0,4.0,0.33,1214.649999976158,168.6860890987623
8571461,2FC,1.0,NV,L4,1,8.0,0.67,1030.2249999940395,141.4032708318463
8571461,2FC,1.0,NV,L4,miss,,,,
8571461,2FC,1.0,NV,L5,0,2.0,0.17,992.4499999880792,0.0707106949774343
8571461,2FC,1.0,NV,L5,1,9.0,0.75,1097.6777777671814,208.4463586747564
8571461,2FC,1.0,NV,L5,miss,1.0,0.08,,
8571461,2FC,1.0,SiSSN,L1,0,3.0,0.25,1195.9333333174388,419.8004804161012
8571461,2FC,1.0,SiSSN,L1,1,8.0,0.67,977.9000000059604,109.49453997182734
8571461,2FC,1.0,SiSSN,L1,miss,1.0,0.08,,
8571461,2FC,1.0,SiSSN,L2,0,3.0,0.25,975.5333333015442,42.76556251787994
8571461,2FC,1.0,SiSSN,L2,1,9.0,0.75,1071.777777804269,199.5189325361571
8571461,2FC,1.0,SiSSN,L2,miss,,,,
8571461,2FC,1.0,SiSSN,L3,0,2.0,0.17,1082.899999976158,39.45655835649212
8571461,2FC,1.0,SiSSN,L3,1,10.0,0.83,997.1300000071526,98.57740385955088
8571461,2FC,1.0,SiSSN,L3,miss,,,,
8571461,2FC,1.0,SiSSN,L4,0,2.0,0.17,1004.4500000476836,23.97091994965892
8571461,2FC,1.0,SiSSN,L4,1,10.0,0.83,956.410000026226,173.65832000568
8571461,2FC,1.0,SiSSN,L4,miss,,,,
8571461,2FC,1.0,SiSSN,L5,0,1.0,0.08,1336.100000023842,
8571461,2FC,1.0,SiSSN,L5,1,11.0,0.92,934.3727272748948,169.737091330974
8571461,2FC,1.0,SiSSN,L5,miss,,,,
8571461,2FC,2.0,NV,L1,0,6.0,0.5,1252.8666666348774,237.20113547915955
8571461,2FC,2.0,NV,L1,1,6.0,0.5,1168.949999988079,232.0894461303818
8571461,2FC,2.0,NV,L1,miss,,,,
8571461,2FC,2.0,NV,L2,0,2.0,0.17,1435.1999999284744,34.08254688690915
8571461,2FC,2.0,NV,L2,1,8.0,0.67,1183.262499988079,288.6926241325018
8571461,2FC,2.0,NV,L2,miss,2.0,0.17,,
8571461,2FC,2.0,NV,L3,0,,,,
8571461,2FC,2.0,NV,L3,1,12.0,1.0,1077.8249999980133,236.36104172806284
8571461,2FC,2.0,NV,L3,miss,,,,
8571461,2FC,2.0,NV,L4,0,3.0,0.25,1116.0666666428249,195.527602469536
8571461,2FC,2.0,NV,L4,1,9.0,0.75,1344.6111110978657,332.5786803326294
8571461,2FC,2.0,NV,L4,miss,,,,
8571461,2FC,2.0,NV,L5,0,3.0,0.25,1521.899999976158,255.0762238754673
8571461,2FC,2.0,NV,L5,1,9.0,0.75,1016.411111103164,112.31901489812772
8571461,2FC,2.0,NV,L5,miss,,,,
8571461,2FC,2.0,SiSSN,L1,0,1.0,0.08,1494.0,
8571461,2FC,2.0,SiSSN,L1,1,11.0,0.92,1152.3272727294402,293.5709900033752
8571461,2FC,2.0,SiSSN,L1,miss,,,,
8571461,2FC,2.0,SiSSN,L2,0,,,,
8571461,2FC,2.0,SiSSN,L2,1,12.0,1.0,1095.9749999841054,193.17939906972856
8571461,2FC,2.0,SiSSN,L2,miss,,,,
8571461,2FC,2.0,SiSSN,L3,0,1.0,0.08,1645.1999999284744,
8571461,2FC,2.0,SiSSN,L3,1,11.0,0.92,1073.372727231546,171.91506676908958
8571461,2FC,2.0,SiSSN,L3,miss,,,,
8571461,2FC,2.0,SiSSN,L4,0,,,,
8571461,2FC,2.0,SiSSN,L4,1,12.0,1.0,1005.3916666706403,167.48989363530762
8571461,2FC,2.0,SiSSN,L4,miss,,,,
8571461,2FC,2.0,SiSSN,L5,0,1.0,0.08,1592.6999999284744,
8571461,2FC,2.0,SiSSN,L5,1,11.0,0.92,1029.7818181731484,198.78356482456547
8571461,2FC,2.0,SiSSN,L5,miss,,,,
85715,2FC,1.0,NV,L1,0,3.0,0.25,1294.0,101.76934705499492
85715,2FC,1.0,NV,L1,1,7.0,0.58,1305.142857142857,305.6896184974931
85715,2FC,1.0,NV,L1,miss,2.0,0.17,,
85715,2FC,1.0,NV,L2,0,6.0,0.5,1311.6666666666667,164.9832314711609
85715,2FC,1.0,NV,L2,1,5.0,0.42,1231.2,110.33222557349234
85715,2FC,1.0,NV,L2,miss,1.0,0.08,,
85715,2FC,1.0,NV,L3,0,2.0,0.17,1182.5,112.42997820866104
85715,2FC,1.0,NV,L3,1,10.0,0.83,1306.7,98.85235904564388
85715,2FC,1.0,NV,L3,miss,,,,
85715,2FC,1.0,NV,L4,0,5.0,0.42,1230.4,43.44882046730383
85715,2FC,1.0,NV,L4,1,7.0,0.58,1180.428571428571,195.87739119396187
85715,2FC,1.0,NV,L4,miss,,,,
85715,2FC,1.0,NV,L5,0,2.0,0.17,1244.5,2.1213203435596424
85715,2FC,1.0,NV,L5,1,10.0,0.83,1144.0,136.0481940751553
85715,2FC,1.0,NV,L5,miss,,,,
85715,2FC,1.0,SiSSN,L1,0,6.0,0.5,1230.1666666666667,196.43667342598397
85715,2FC,1.0,SiSSN,L1,1,6.0,0.5,1324.0,285.187657516941
85715,2FC,1.0,SiSSN,L1,miss,,,,
85715,2FC,1.0,SiSSN,L2,0,2.0,0.17,1404.5,318.9051583151329
85715,2FC,1.0,SiSSN,L2,1,10.0,0.83,1258.9,143.0768635695125
85715,2FC,1.0,SiSSN,L2,miss,,,,
85715,2FC,1.0,SiSSN,L3,0,1.0,0.08,1302.0,
85715,2FC,1.0,SiSSN,L3,1,11.0,0.92,1162.1818181818182,216.5307452450197
85715,2FC,1.0,SiSSN,L3,miss,,,,
85715,2FC,1.0,SiSSN,L4,0,,,,
85715,2FC,1.0,SiSSN,L4,1,12.0,1.0,1198.0833333333333,195.1430516468896
85715,2FC,1.0,SiSSN,L4,miss,,,,
85715,2FC,1.0,SiSSN,L5,0,,,,
85715,2FC,1.0,SiSSN,L5,1,11.0,0.92,1142.0,113.46717587038104
85715,2FC,1.0,SiSSN,L5,miss,1.0,0.08,,
85715,2FC,2.0,NV,L1,0,4.0,0.33,1429.5,320.8722487221355
85715,2FC,2.0,NV,L1,1,8.0,0.67,1450.625,328.22289356037135
85715,2FC,2.0,NV,L1,miss,,,,
85715,2FC,2.0,NV,L2,0,2.0,0.17,1450.0,114.5512985522207
85715,2FC,2.0,NV,L2,1,9.0,0.75,1292.6666666666667,280.43448432744503
85715,2FC,2.0,NV,L2,miss,1.0,0.08,,
85715,2FC,2.0,NV,L3,0,1.0,0.08,1958.0,
85715,2FC,2.0,NV,L3,1,11.0,0.92,1454.6363636363635,362.2218305754838
85715,2FC,2.0,NV,L3,miss,,,,
85715,2FC,2.0,NV,L4,0,1.0,0.08,1904.0,
85715,2FC,2.0,NV,L4,1,11.0,0.92,1335.3636363636365,231.4291566450834
85715,2FC,2.0,NV,L4,miss,,,,
85715,2FC,2.0,NV,L5,0,4.0,0.33,1462.25,370.5602739996109
85715,2FC,2.0,NV,L5,1,8.0,0.67,1426.75,221.37476304738465
85715,2FC,2.0,NV,L5,miss,,,,
85715,2FC,2.0,SiSSN,L1,0,2.0,0.17,1629.0,336.5828278447966
85715,2FC,2.0,SiSSN,L1,1,10.0,0.83,1214.5,90.8090181522616
85715,2FC,2.0,SiSSN,L1,miss,,,,
85715,2FC,2.0,SiSSN,L2,0,1.0,0.08,1115.0,
85715,2FC,2.0,SiSSN,L2,1,11.0,0.92,1347.7272727272727,337.29959706738185
85715,2FC,2.0,SiSSN,L2,miss,,,,
85715,2FC,2.0,SiSSN,L3,0,2.0,0.17,1383.5,485.78235867515815
85715,2FC,2.0,SiSSN,L3,1,10.0,0.83,1140.6,144.0256150057266
85715,2FC,2.0,SiSSN,L3,miss,,,,
85715,2FC,2.0,SiSSN,L4,0,,,,
85715,2FC,2.0,SiSSN,L4,1,11.0,0.92,1313.8181818181818,317.89992707826093
85715,2FC,2.0,SiSSN,L4,miss,1.0,0.08,,
85715,2FC,2.0,SiSSN,L5,0,1.0,0.08,1584.0,
85715,2FC,2.0,SiSSN,L5,1,11.0,0.92,1100.7272727272727,125.33562215834004
85715,2FC,2.0,SiSSN,L5,miss,,,,
8571533,2FC,1.0,NV,L1,0,2.0,0.17,1451.5,275.064537881567
8571533,2FC,1.0,NV,L1,1,9.0,0.75,1277.5555555555557,296.935645852393
8571533,2FC,1.0,NV,L1,miss,1.0,0.08,,
8571533,2FC,1.0,NV,L2,0,5.0,0.42,1379.6,154.95902684258184
8571533,2FC,1.0,NV,L2,1,7.0,0.58,1208.0,220.17417347787796
8571533,2FC,1.0,NV,L2,miss,,,,
8571533,2FC,1.0,NV,L3,0,1.0,0.08,1500.0,
8571533,2FC,1.0,NV,L3,1,11.0,0.92,1288.1818181818182,260.82592592831645
8571533,2FC,1.0,NV,L3,miss,,,,
8571533,2FC,1.0,NV,L4,0,5.0,0.42,1126.8,144.38040033190103
8571533,2FC,1.0,NV,L4,1,7.0,0.58,1362.857142857143,333.6312478228164
8571533,2FC,1.0,NV,L4,miss,,,,
8571533,2FC,1.0,NV,L5,0,3.0,0.25,1156.0,142.51666569212176
8571533,2FC,1.0,NV,L5,1,9.0,0.75,1216.3333333333333,140.24888591357865
8571533,2FC,1.0,NV,L5,miss,,,,
8571533,2FC,1.0,SiSSN,L1,0,2.0,0.17,1633.0,185.26197667087544
8571533,2FC,1.0,SiSSN,L1,1,10.0,0.83,1387.6,128.8471963218447
8571533,2FC,1.0,SiSSN,L1,miss,,,,
8571533,2FC,1.0,SiSSN,L2,0,2.0,0.17,1427.0,364.8670990922585
8571533,2FC,1.0,SiSSN,L2,1,9.0,0.75,1450.888888888889,334.8277334856106
8571533,2FC,1.0,SiSSN,L2,miss,1.0,0.08,,
8571533,2FC,1.0,SiSSN,L3,0,2.0,0.17,1327.0,168.2914139223983
8571533,2FC,1.0,SiSSN,L3,1,10.0,0.83,1188.6,191.73836340179813
8571533,2FC,1.0,SiSSN,L3,miss,,,,
8571533,2FC,1.0,SiSSN,L4,0,,,,
8571533,2FC,1.0,SiSSN,L4,1,11.0,0.92,1124.4545454545455,176.3039214744605
8571533,2FC,1.0,SiSSN,L4,miss,1.0,0.08,,
8571533,2FC,1.0,SiSSN,L5,0,1.0,0.08,1552.0,
8571533,2FC,1.0,SiSSN,L5,1,11.0,0.92,1056.909090909091,73.58186535479314
8571533,2FC,1.0,SiSSN,L5,miss,,,,
8571533,2FC,2.0,NV,L1,0,4.0,0.33,1466.25,248.6488487807655
8571533,2FC,2.0,NV,L1,1,6.0,0.5,1265.6666666666667,156.34534424365395
8571533,2FC,2.0,NV,L1,miss,2.0,0.17,,
8571533,2FC,2.0,NV,L2,0,,,,
8571533,2FC,2.0,NV,L2,1,12.0,1.0,1388.6666666666667,263.9777309248688
8571533,2FC,2.0,NV,L2,miss,,,,
8571533,2FC,2.0,NV,L3,0,4.0,0.33,1326.75,237.11231515887144
8571533,2FC,2.0,NV,L3,1,8.0,0.67,1247.0,241.00503847726625
8571533,2FC,2.0,NV,L3,miss,,,,
8571533,2FC,2.0,NV,L4,0,,,,
8571533,2FC,2.0,NV,L4,1,12.0,1.0,1178.4166666666667,221.64527693564503
8571533,2FC,2.0,NV,L4,miss,,,,
8571533,2FC,2.0,NV,L5,0,,,,
8571533,2FC,2.0,NV,L5,1,12.0,1.0,1230.8333333333333,310.2239171757696
8571533,2FC,2.0,NV,L5,miss,,,,
8571533,2FC,2.0,SiSSN,L1,0,2.0,0.17,1205.5,127.9863273947651
8571533,2FC,2.0,SiSSN,L1,1,10.0,0.83,1295.5,193.59192476271664
8571533,2FC,2.0,SiSSN,L1,miss,,,,
8571533,2FC,2.0,SiSSN,L2,0,,,,
8571533,2FC,2.0,SiSSN,L2,1,12.0,1.0,1232.8333333333333,257.69285217212774
8571533,2FC,2.0,SiSSN,L2,miss,,,,
8571533,2FC,2.0,SiSSN,L3,0,1.0,0.08,1576.0,
8571533,2FC,2.0,SiSSN,L3,1,11.0,0.92,1138.3636363636365,114.04759771891098
8571533,2FC,2.0,SiSSN,L3,miss,,,,
8571533,2FC,2.0,SiSSN,L4,0,,,,
8571533,2FC,2.0,SiSSN,L4,1,12.0,1.0,1099.1666666666667,175.21821892264586
8571533,2FC,2.0,SiSSN,L4,miss,,,,
8571533,2FC,2.0,SiSSN,L5,0,,,,
8571533,2FC,2.0,SiSSN,L5,1,12.0,1.0,1116.4166666666667,178.24266315811423
8571533,2FC,2.0,SiSSN,L5,miss,,,,
8571557,2FC,1.0,NV,L1,0,3.0,0.25,1227.6666666666667,60.11932578907825
8571557,2FC,1.0,NV,L1,1,9.0,0.75,1137.7777777777778,251.64994425678788
8571557,2FC,1.0,NV,L1,miss,,,,
8571557,2FC,1.0,NV,L2,0,2.0,0.17,830.5,67.17514421272202
8571557,2FC,1.0,NV,L2,1,10.0,0.83,1182.5,207.52844517211503
8571557,2FC,1.0,NV,L2,miss,,,,
8571557,2FC,1.0,NV,L3,0,1.0,0.08,1561.0,
8571557,2FC,1.0,NV,L3,1,11.0,0.92,1109.0,187.60597005426027
8571557,2FC,1.0,NV,L3,miss,,,,
8571557,2FC,1.0,NV,L4,0,3.0,0.25,1083.3333333333333,10.785793124908976
8571557,2FC,1.0,NV,L4,1,9.0,0.75,999.7777777777778,163.9540924906861
8571557,2FC,1.0,NV,L4,miss,,,,
8571557,2FC,1.0,NV,L5,0,6.0,0.5,1159.8333333333333,253.98772936239783
8571557,2FC,1.0,NV,L5,1,6.0,0.5,1030.6666666666667,120.37552353641776
8571557,2FC,1.0,NV,L5,miss,,,,
8571557,2FC,1.0,SiSSN,L1,0,3.0,0.25,1075.6666666666667,154.54557040993873
8571557,2FC,1.0,SiSSN,L1,1,8.0,0.67,939.375,99.18372202274784
8571557,2FC,1.0,SiSSN,L1,miss,1.0,0.08,,
8571557,2FC,1.0,SiSSN,L2,0,,,,
8571557,2FC,1.0,SiSSN,L2,1,12.0,1.0,965.0833333333334,78.70942918370227
8571557,2FC,1.0,SiSSN,L2,miss,,,,
8571557,2FC,1.0,SiSSN,L3,0,1.0,0.08,815.0,
8571557,2FC,1.0,SiSSN,L3,1,11.0,0.92,896.6363636363636,183.51418077482336
8571557,2FC,1.0,SiSSN,L3,miss,,,,
8571557,2FC,1.0,SiSSN,L4,0,3.0,0.25,793.6666666666666,79.35573913292806
8571557,2FC,1.0,SiSSN,L4,1,9.0,0.75,977.8888888888888,139.3291466675624
8571557,2FC,1.0,SiSSN,L4,miss,,,,
8571557,2FC,1.0,SiSSN,L5,0,2.0,0.17,796.5,64.34671708797582
8571557,2FC,1.0,SiSSN,L5,1,9.0,0.75,903.8888888888888,142.95580125028545
8571557,2FC,1.0,SiSSN,L5,miss,1.0,0.08,,
8571557,2FC,2.0,NV,L1,0,2.0,0.17,956.5,200.11121907579292
8571557,2FC,2.0,NV,L1,1,10.0,0.83,960.7,185.64305654789365
8571557,2FC,2.0,NV,L1,miss,,,,
8571557,2FC,2.0,NV,L2,0,2.0,0.17,880.5,168.99852070358486
8571557,2FC,2.0,NV,L2,1,10.0,0.83,966.0,199.98444383945912
8571557,2FC,2.0,NV,L2,miss,,,,
8571557,2FC,2.0,NV,L3,0,2.0,0.17,1025.0,124.45079348883236
8571557,2FC,2.0,NV,L3,1,9.0,0.75,1084.6666666666667,264.3189361358736
8571557,2FC,2.0,NV,L3,miss,1.0,0.08,,
8571557,2FC,2.0,NV,L4,0,7.0,0.58,1100.7142857142858,236.4901085216281
8571557,2FC,2.0,NV,L4,1,5.0,0.42,939.6,176.3782866454939
8571557,2FC,2.0,NV,L4,miss,,,,
8571557,2FC,2.0,NV,L5,0,3.0,0.25,924.3333333333334,87.20282870029693
8571557,2FC,2.0,NV,L5,1,9.0,0.75,922.5555555555557,135.82443733650354
8571557,2FC,2.0,NV,L5,miss,,,,
8571557,2FC,2.0,SiSSN,L1,0,3.0,0.25,1075.0,240.12704970494264
8571557,2FC,2.0,SiSSN,L1,1,9.0,0.75,906.5555555555557,92.97057479535005
8571557,2FC,2.0,SiSSN,L1,miss,,,,
8571557,2FC,2.0,SiSSN,L2,0,4.0,0.33,1141.25,104.14853175473318
8571557,2FC,2.0,SiSSN,L2,1,8.0,0.67,949.625,118.47475620208238
8571557,2FC,2.0,SiSSN,L2,miss,,,,
8571557,2FC,2.0,SiSSN,L3,0,1.0,0.08,1300.0,
8571557,2FC,2.0,SiSSN,L3,1,11.0,0.92,981.9090909090908,222.5787296870276
8571557,2FC,2.0,SiSSN,L3,miss,,,,
8571557,2FC,2.0,SiSSN,L4,0,2.0,0.17,803.5,174.65537495307723
8571557,2FC,2.0,SiSSN,L4,1,10.0,0.83,932.8,118.07041213708972
8571557,2FC,2.0,SiSSN,L4,miss,,,,
8571557,2FC,2.0,SiSSN,L5,0,1.0,0.08,999.0,
8571557,2FC,2.0,SiSSN,L5,1,11.0,0.92,891.6363636363636,97.70903000979256
8571557,2FC,2.0,SiSSN,L5,miss,,,,
8571561,2FC,1.0,NV,L1,0,2.0,0.17,1168.5,30.405591591021544
8571561,2FC,1.0,NV,L1,1,9.0,0.75,1069.111111111111,206.69690638979364
8571561,2FC,1.0,NV,L1,miss,1.0,0.08,,
8571561,2FC,1.0,NV,L2,0,2.0,0.17,1244.0,48.08326112068523
8571561,2FC,1.0,NV,L2,1,10.0,0.83,1097.5,280.17306159665753
8571561,2FC,1.0,NV,L2,miss,,,,
8571561,2FC,1.0,NV,L3,0,6.0,0.5,1230.6666666666667,224.975257898878
8571561,2FC,1.0,NV,L3,1,6.0,0.5,987.1666666666666,189.95411726695127
8571561,2FC,1.0,NV,L3,miss,,,,
8571561,2FC,1.0,NV,L4,0,4.0,0.33,1197.75,177.14095141063984
8571561,2FC,1.0,NV,L4,1,8.0,0.67,999.25,155.1199996316216
8571561,2FC,1.0,NV,L4,miss,,,,
8571561,2FC,1.0,NV,L5,0,5.0,0.42,1028.0,194.7793623564879
8571561,2FC,1.0,NV,L5,1,7.0,0.58,1102.571428571429,174.71773153943394
8571561,2FC,1.0,NV,L5,miss,,,,
8571561,2FC,1.0,SiSSN,L1,0,2.0,0.17,1489.0,647.7098115668775
8571561,2FC,1.0,SiSSN,L1,1,10.0,0.83,951.1,139.85742740376716
8571561,2FC,1.0,SiSSN,L1,miss,,,,
8571561,2FC,1.0,SiSSN,L2,0,3.0,0.25,1099.0,275.17449009673845
8571561,2FC,1.0,SiSSN,L2,1,9.0,0.75,1016.8888888888888,172.10566844561254
8571561,2FC,1.0,SiSSN,L2,miss,,,,
8571561,2FC,1.0,SiSSN,L3,0,1.0,0.08,1036.0,
8571561,2FC,1.0,SiSSN,L3,1,11.0,0.92,1035.5454545454545,168.1180321300268
8571561,2FC,1.0,SiSSN,L3,miss,,,,
8571561,2FC,1.0,SiSSN,L4,0,3.0,0.25,923.0,240.39966722106752
8571561,2FC,1.0,SiSSN,L4,1,9.0,0.75,1018.7777777777778,249.4387589057572
8571561,2FC,1.0,SiSSN,L4,miss,,,,
8571561,2FC,1.0,SiSSN,L5,0,2.0,0.17,1226.5,335.87572106361006
8571561,2FC,1.0,SiSSN,L5,1,10.0,0.83,1071.9,253.08516353196208
8571561,2FC,1.0,SiSSN,L5,miss,,,,
8571561,2FC,2.0,NV,L1,0,1.0,0.08,1090.0,
8571561,2FC,2.0,NV,L1,1,11.0,0.92,1209.8181818181818,228.7228970531014
8571561,2FC,2.0,NV,L1,miss,,,,
8571561,2FC,2.0,NV,L2,0,4.0,0.33,1095.5,81.48824046040835
8571561,2FC,2.0,NV,L2,1,8.0,0.67,1035.75,212.0254364794133
8571561,2FC,2.0,NV,L2,miss,,,,
8571561,2FC,2.0,NV,L3,0,4.0,0.33,1234.75,337.8829925679401
8571561,2FC,2.0,NV,L3,1,8.0,0.67,1099.625,163.17119625017853
8571561,2FC,2.0,NV,L3,miss,,,,
8571561,2FC,2.0,NV,L4,0,1.0,0.08,976.0,
8571561,2FC,2.0,NV,L4,1,11.0,0.92,1050.4545454545455,171.7308147283787
8571561,2FC,2.0,NV,L4,miss,,,,
8571561,2FC,2.0,NV,L5,0,1.0,0.08,1085.0,
8571561,2FC,2.0,NV,L5,1,11.0,0.92,967.7272727272727,161.09009336957433
8571561,2FC,2.0,NV,L5,miss,,,,
8571561,2FC,2.0,SiSSN,L1,0,6.0,0.5,1064.0,199.5374651537901
8571561,2FC,2.0,SiSSN,L1,1,6.0,0.5,1020.8333333333334,252.01064792319127
8571561,2FC,2.0,SiSSN,L1,miss,,,,
8571561,2FC,2.0,SiSSN,L2,0,1.0,0.08,1190.0,
8571561,2FC,2.0,SiSSN,L2,1,11.0,0.92,987.2727272727273,159.76676181802705
8571561,2FC,2.0,SiSSN,L2,miss,,,,
8571561,2FC,2.0,SiSSN,L3,0,3.0,0.25,1061.3333333333333,85.65823564219222
8571561,2FC,2.0,SiSSN,L3,1,9.0,0.75,980.1111111111112,172.38941705078972
8571561,2FC,2.0,SiSSN,L3,miss,,,,
8571561,2FC,2.0,SiSSN,L4,0,,,,
8571561,2FC,2.0,SiSSN,L4,1,12.0,1.0,996.5,323.3327866287161
8571561,2FC,2.0,SiSSN,L4,miss,,,,
8571561,2FC,2.0,SiSSN,L5,0,1.0,0.08,977.0,
8571561,2FC,2.0,SiSSN,L5,1,11.0,0.92,921.0,115.47640451624738
8571561,2FC,2.0,SiSSN,L5,miss,,,,
8571582,2FC,1.0,NV,L1,0,6.0,0.5,1442.3833332856495,138.72083353947647
8571582,2FC,1.0,NV,L1,1,6.0,0.5,1295.050000031789,239.95938612474137
8571582,2FC,1.0,NV,L1,miss,,,,
8571582,2FC,1.0,NV,L2,0,2.0,0.17,1516.9999998807907,116.10693350454858
8571582,2FC,1.0,NV,L2,1,10.0,0.83,1386.7199999570846,283.53308566512527
8571582,2FC,1.0,NV,L2,miss,,,,
8571582,2FC,1.0,NV,L3,0,4.0,0.33,1165.074999988079,41.853106225853885
8571582,2FC,1.0,NV,L3,1,8.0,0.67,1378.3625000417233,272.96249318972394
8571582,2FC,1.0,NV,L3,miss,,,,
8571582,2FC,1.0,NV,L4,0,1.0,0.08,1465.3999998569489,
8571582,2FC,1.0,NV,L4,1,11.0,0.92,1366.3181818398562,113.0235799604105
8571582,2FC,1.0,NV,L4,miss,,,,
8571582,2FC,1.0,NV,L5,0,1.0,0.08,1532.5,
8571582,2FC,1.0,NV,L5,1,11.0,0.92,1383.3181818181818,205.35194573798523
8571582,2FC,1.0,NV,L5,miss,,,,
8571582,2FC,1.0,SiSSN,L1,0,5.0,0.42,1380.1000000476838,95.3011804604646
8571582,2FC,1.0,SiSSN,L1,1,7.0,0.58,1280.7285714490074,187.6943855839124
8571582,2FC,1.0,SiSSN,L1,miss,,,,
8571582,2FC,1.0,SiSSN,L2,0,5.0,0.42,1218.0599999427795,108.11636323723712
8571582,2FC,1.0,SiSSN,L2,1,7.0,0.58,1247.899999993188,100.201480348574
8571582,2FC,1.0,SiSSN,L2,miss,,,,
8571582,2FC,1.0,SiSSN,L3,0,3.0,0.25,1218.4999999999998,103.67482823126991
8571582,2FC,1.0,SiSSN,L3,1,9.0,0.75,1178.577777783076,105.5528751165603
8571582,2FC,1.0,SiSSN,L3,miss,,,,
8571582,2FC,1.0,SiSSN,L4,0,2.0,0.17,1141.0,26.58721490517955
8571582,2FC,1.0,SiSSN,L4,1,10.0,0.83,1202.810000014305,118.2849990605518
8571582,2FC,1.0,SiSSN,L4,miss,,,,
8571582,2FC,1.0,SiSSN,L5,0,3.0,0.25,1249.733333349228,248.5361206710776
8571582,2FC,1.0,SiSSN,L5,1,9.0,0.75,1210.688888947169,84.03892619731121
8571582,2FC,1.0,SiSSN,L5,miss,,,,
8571582,2FC,2.0,NV,L1,0,3.0,0.25,1252.6666666666667,133.26850097098188
8571582,2FC,2.0,NV,L1,1,9.0,0.75,1289.0111111534966,235.95594640980525
8571582,2FC,2.0,NV,L1,miss,,,,
8571582,2FC,2.0,NV,L2,0,3.0,0.25,1403.033333381017,158.3657897023186
8571582,2FC,2.0,NV,L2,1,9.0,0.75,1393.3555555343628,218.6535393129188
8571582,2FC,2.0,NV,L2,miss,,,,
8571582,2FC,2.0,NV,L3,0,1.0,0.08,1445.2999999523165,
8571582,2FC,2.0,NV,L3,1,11.0,0.92,1284.3363636623728,124.33671433471936
8571582,2FC,2.0,NV,L3,miss,,,,
8571582,2FC,2.0,NV,L4,0,3.0,0.25,1492.966666618983,32.2497029227735
8571582,2FC,2.0,NV,L4,1,8.0,0.67,1406.7999999523165,248.4754140663132
8571582,2FC,2.0,NV,L4,miss,1.0,0.08,,
8571582,2FC,2.0,NV,L5,0,3.0,0.25,1361.733333349228,236.27590514454883
8571582,2FC,2.0,NV,L5,1,9.0,0.75,1305.722222195731,229.4476126528776
8571582,2FC,2.0,NV,L5,miss,,,,
8571582,2FC,2.0,SiSSN,L1,0,1.0,0.08,1421.5,
8571582,2FC,2.0,SiSSN,L1,1,11.0,0.92,1276.5909090692346,146.64932631183245
8571582,2FC,2.0,SiSSN,L1,miss,,,,
8571582,2FC,2.0,SiSSN,L2,0,,,,
8571582,2FC,2.0,SiSSN,L2,1,12.0,1.0,1281.75,136.29890612493608
8571582,2FC,2.0,SiSSN,L2,miss,,,,
8571582,2FC,2.0,SiSSN,L3,0,2.0,0.17,1358.4000000953674,253.00280644341663
8571582,2FC,2.0,SiSSN,L3,1,10.0,0.83,1309.2599999904633,237.40931929431332
8571582,2FC,2.0,SiSSN,L3,miss,,,,
8571582,2FC,2.0,SiSSN,L4,0,1.0,0.08,1266.0,
8571582,2FC,2.0,SiSSN,L4,1,11.0,0.92,1167.4272727316077,133.28076452613382
8571582,2FC,2.0,SiSSN,L4,miss,,,,
8571582,2FC,2.0,SiSSN,L5,0,,,,
8571582,2FC,2.0,SiSSN,L5,1,12.0,1.0,1175.1749999920528,122.19537352738443
8571582,2FC,2.0,SiSSN,L5,miss,,,,
8571594,2FC,1.0,NV,L1,0,4.0,0.33,1297.5,136.98296731102496
8571594,2FC,1.0,NV,L1,1,8.0,0.67,1146.0,247.83174015563756
8571594,2FC,1.0,NV,L2,0,2.0,0.17,1278.0,134.35028842544403
8571594,2FC,1.0,NV,L2,1,10.0,0.83,1084.4,73.64811229382902
8571594,2FC,1.0,NV,L3,0,4.0,0.33,1263.5,230.8888621537788
8571594,2FC,1.0,NV,L3,1,8.0,0.67,1156.375,123.49775879979131
8571594,2FC,1.0,NV,L4,0,4.0,0.33,1158.5,50.97384950475426
8571594,2FC,1.0,NV,L4,1,8.0,0.67,1152.0,101.28883734858728
8571594,2FC,1.0,NV,L5,0,3.0,0.25,1143.0,197.18772781286364
8571594,2FC,1.0,NV,L5,1,9.0,0.75,1155.2222222222222,178.08690138369087
8571594,2FC,1.0,SiSSN,L1,0,4.0,0.33,1222.0,133.15654946966245
8571594,2FC,1.0,SiSSN,L1,1,8.0,0.67,1200.625,116.58955785146452
8571594,2FC,1.0,SiSSN,L2,0,2.0,0.17,1029.5,47.37615433949868
8571594,2FC,1.0,SiSSN,L2,1,10.0,0.83,1091.5,84.75225332959852
8571594,2FC,1.0,SiSSN,L3,0,3.0,0.25,1118.3333333333333,75.69235980819555
8571594,2FC,1.0,SiSSN,L3,1,9.0,0.75,1044.5555555555557,84.63467243262525
8571594,2FC,1.0,SiSSN,L4,0,3.0,0.25,1012.6666666666666,164.50633219828754
8571594,2FC,1.0,SiSSN,L4,1,9.0,0.75,1078.0,57.997844787543634
8571594,2FC,1.0,SiSSN,L5,0,,,,
8571594,2FC,1.0,SiSSN,L5,1,12.0,1.0,1057.8333333333333,113.75318843350227
8571594,2FC,2.0,NV,L1,0,3.0,0.25,1224.6666666666667,195.3594976788519
8571594,2FC,2.0,NV,L1,1,9.0,0.75,1136.0,128.00781226159597
8571594,2FC,2.0,NV,L2,0,5.0,0.42,1154.8,133.39115412949994
8571594,2FC,2.0,NV,L2,1,7.0,0.58,1066.142857142857,155.0445404514765
8571594,2FC,2.0,NV,L3,0,3.0,0.25,1147.3333333333333,222.7135679147845
8571594,2FC,2.0,NV,L3,1,9.0,0.75,1206.6666666666667,176.46104385954425
8571594,2FC,2.0,NV,L4,0,4.0,0.33,1157.0,187.586424526581
8571594,2FC,2.0,NV,L4,1,8.0,0.67,1074.5,66.28078799428123
8571594,2FC,2.0,NV,L5,0,3.0,0.25,1096.6666666666667,16.165807537309547
8571594,2FC,2.0,NV,L5,1,9.0,0.75,1139.5555555555557,107.0246596713943
8571594,2FC,2.0,SiSSN,L1,0,8.0,0.67,1054.25,98.01421179750268
8571594,2FC,2.0,SiSSN,L1,1,4.0,0.33,914.5,71.85401867675878
8571594,2FC,2.0,SiSSN,L2,0,3.0,0.25,1087.3333333333333,302.8041171010284
8571594,2FC,2.0,SiSSN,L2,1,9.0,0.75,1001.2222222222222,134.2123110763109
8571594,2FC,2.0,SiSSN,L3,0,1.0,0.08,1129.0,
8571594,2FC,2.0,SiSSN,L3,1,11.0,0.92,958.7272727272727,113.50514605875004
8571594,2FC,2.0,SiSSN,L4,0,1.0,0.08,1239.0,
8571594,2FC,2.0,SiSSN,L4,1,11.0,0.92,933.3636363636364,125.73247212019076
8571594,2FC,2.0,SiSSN,L5,0,2.0,0.17,1012.5,95.45941546018392
8571594,2FC,2.0,SiSSN,L5,1,10.0,0.83,944.7,151.44786414986368
8571668,2FC,1.0,NV,L1,0,5.0,0.42,1384.4400000000371,194.7375746999426
8571668,2FC,1.0,NV,L1,1,7.0,0.58,1302.2142857142858,175.50761074259577
8571668,2FC,1.0,NV,L1,miss,,,,
8571668,2FC,1.0,NV,L2,0,4.0,0.33,1244.8499999999767,184.1846265751668
8571668,2FC,1.0,NV,L2,1,7.0,0.58,1302.928571428571,321.77407557840627
8571668,2FC,1.0,NV,L2,miss,1.0,0.08,,
8571668,2FC,1.0,NV,L3,0,4.0,0.33,1354.7500000000582,332.69850716023905
8571668,2FC,1.0,NV,L3,1,8.0,0.67,1307.9125000000058,242.2939562803784
8571668,2FC,1.0,NV,L3,miss,,,,
8571668,2FC,1.0,NV,L4,0,3.0,0.25,1244.0,97.11400516917809
8571668,2FC,1.0,NV,L4,1,9.0,0.75,1354.0222222221653,239.6642327183206
8571668,2FC,1.0,NV,L4,miss,,,,
8571668,2FC,1.0,NV,L5,0,2.0,0.17,1385.8000000000466,97.86357851615232
8571668,2FC,1.0,NV,L5,1,10.0,0.83,1209.919999999972,294.3296103954275
8571668,2FC,1.0,NV,L5,miss,,,,
8571668,2FC,1.0,SiSSN,L1,0,2.0,0.17,1334.6000000000931,330.7845522389352
8571668,2FC,1.0,SiSSN,L1,1,6.0,0.5,1271.7666666666437,191.16261838197985
8571668,2FC,1.0,SiSSN,L1,miss,4.0,0.33,,
8571668,2FC,1.0,SiSSN,L2,0,3.0,0.25,1187.1333333332248,202.79073778989957
8571668,2FC,1.0,SiSSN,L2,1,9.0,0.75,1297.8333333333333,357.54239958364195
8571668,2FC,1.0,SiSSN,L2,miss,,,,
8571668,2FC,1.0,SiSSN,L3,0,3.0,0.25,1276.8333333334886,200.223932968461
8571668,2FC,1.0,SiSSN,L3,1,8.0,0.67,1083.0124999999243,162.7673487571451
8571668,2FC,1.0,SiSSN,L3,miss,1.0,0.08,,
8571668,2FC,1.0,SiSSN,L4,0,,,,
8571668,2FC,1.0,SiSSN,L4,1,9.0,0.75,1219.9666666666355,219.14633239000688
8571668,2FC,1.0,SiSSN,L4,miss,3.0,0.25,,
8571668,2FC,1.0,SiSSN,L5,0,3.0,0.25,1328.733333333318,124.34469563792756
8571668,2FC,1.0,SiSSN,L5,1,8.0,0.67,1145.6250000000582,95.05769300794306
8571668,2FC,1.0,SiSSN,L5,miss,1.0,0.08,,
8571668,2FC,2.0,NV,L1,0,1.0,0.08,1906.7000000001865,
8571668,2FC,2.0,NV,L1,1,11.0,0.92,1253.5909090908244,178.61364704052016
8571668,2FC,2.0,NV,L1,miss,,,,
8571668,2FC,2.0,NV,L2,0,3.0,0.25,1393.3999999999069,173.54227150737432
8571668,2FC,2.0,NV,L2,1,9.0,0.75,1307.2555555555348,247.23814486819677
8571668,2FC,2.0,NV,L2,miss,,,,
8571668,2FC,2.0,NV,L3,0,1.0,0.08,1313.0,
8571668,2FC,2.0,NV,L3,1,11.0,0.92,1362.4727272727866,245.25518176348888
8571668,2FC,2.0,NV,L3,miss,,,,
8571668,2FC,2.0,NV,L4,0,1.0,0.08,1197.0,
8571668,2FC,2.0,NV,L4,1,11.0,0.92,1228.6909090909176,231.76612977105907
8571668,2FC,2.0,NV,L4,miss,,,,
8571668,2FC,2.0,NV,L5,0,2.0,0.17,1222.1500000001397,153.3714608392963
8571668,2FC,2.0,NV,L5,1,10.0,0.83,1339.1900000000371,247.18285381922445
8571668,2FC,2.0,NV,L5,miss,,,,
8571668,2FC,2.0,SiSSN,L1,0,6.0,0.5,1471.183333333271,263.98169191574755
8571668,2FC,2.0,SiSSN,L1,1,6.0,0.5,1384.983333333318,300.9987070848767
8571668,2FC,2.0,SiSSN,L1,miss,,,,
8571668,2FC,2.0,SiSSN,L2,0,3.0,0.25,1461.4333333334264,77.4922146627786
8571668,2FC,2.0,SiSSN,L2,1,9.0,0.75,1231.3666666665945,154.12824205839195
8571668,2FC,2.0,SiSSN,L2,miss,,,,
8571668,2FC,2.0,SiSSN,L3,0,2.0,0.17,1290.4000000001397,24.74873734185844
8571668,2FC,2.0,SiSSN,L3,1,10.0,0.83,1321.170000000065,286.7836429938643
8571668,2FC,2.0,SiSSN,L3,miss,,,,
8571668,2FC,2.0,SiSSN,L4,0,,,,
8571668,2FC,2.0,SiSSN,L4,1,12.0,1.0,1213.0833333332946,188.5694462542258
8571668,2FC,2.0,SiSSN,L4,miss,,,,
8571668,2FC,2.0,SiSSN,L5,0,2.0,0.17,879.9500000001863,178.54446224960324
8571668,2FC,2.0,SiSSN,L5,1,10.0,0.83,1193.3399999999442,181.44802867802557
8571668,2FC,2.0,SiSSN,L5,miss,,,,
85717,2FC,1.0,NV,L1,0,3.0,0.25,1151.0,166.49624620393098
85717,2FC,1.0,NV,L1,1,9.0,0.75,1212.0,130.73159526296615
85717,2FC,1.0,NV,L1,miss,,,,
85717,2FC,1.0,NV,L2,0,3.0,0.25,1231.6666666666667,41.25934237640405
85717,2FC,1.0,NV,L2,1,8.0,0.67,1246.0,260.5581920196934
85717,2FC,1.0,NV,L2,miss,1.0,0.08,,
85717,2FC,1.0,NV,L3,0,4.0,0.33,1288.5,76.47439658691876
85717,2FC,1.0,NV,L3,1,8.0,0.67,1063.125,119.16787378675996
85717,2FC,1.0,NV,L3,miss,,,,
85717,2FC,1.0,NV,L4,0,,,,
85717,2FC,1.0,NV,L4,1,12.0,1.0,1114.3333333333333,182.5756796177377
85717,2FC,1.0,NV,L4,miss,,,,
85717,2FC,1.0,NV,L5,0,2.0,0.17,1450.0,128.69343417595164
85717,2FC,1.0,NV,L5,1,10.0,0.83,1109.4,93.5511743497762
85717,2FC,1.0,NV,L5,miss,,,,
85717,2FC,1.0,SiSSN,L1,0,2.0,0.17,1142.0,49.49747468305833
85717,2FC,1.0,SiSSN,L1,1,10.0,0.83,1147.5,132.98893019930478
85717,2FC,1.0,SiSSN,L1,miss,,,,
85717,2FC,1.0,SiSSN,L2,0,3.0,0.25,1410.0,384.56338879305713
85717,2FC,1.0,SiSSN,L2,1,9.0,0.75,1145.0,99.59417653658272
85717,2FC,1.0,SiSSN,L2,miss,,,,
85717,2FC,1.0,SiSSN,L3,0,2.0,0.17,1020.0,67.88225099390856
85717,2FC,1.0,SiSSN,L3,1,10.0,0.83,1006.2,170.2010575760327
85717,2FC,1.0,SiSSN,L3,miss,,,,
85717,2FC,1.0,SiSSN,L4,0,2.0,0.17,1038.5,132.22896808188435
85717,2FC,1.0,SiSSN,L4,1,10.0,0.83,1029.3,54.12547151449738
85717,2FC,1.0,SiSSN,L4,miss,,,,
85717,2FC,1.0,SiSSN,L5,0,,,,
85717,2FC,1.0,SiSSN,L5,1,12.0,1.0,1001.75,138.73396713265154
85717,2FC,1.0,SiSSN,L5,miss,,,,
85717,2FC,2.0,NV,L1,0,1.0,0.08,1101.0,
85717,2FC,2.0,NV,L1,1,11.0,0.92,1117.4545454545455,255.09777091788305
85717,2FC,2.0,NV,L1,miss,,,,
85717,2FC,2.0,NV,L2,0,3.0,0.25,1322.6666666666667,78.50053078376814
85717,2FC,2.0,NV,L2,1,9.0,0.75,1044.5555555555557,185.79498857013812
85717,2FC,2.0,NV,L2,miss,,,,
85717,2FC,2.0,NV,L3,0,,,,
85717,2FC,2.0,NV,L3,1,12.0,1.0,1010.75,127.49768268838884
85717,2FC,2.0,NV,L3,miss,,,,
85717,2FC,2.0,NV,L4,0,2.0,0.17,1240.0,35.35533905932738
85717,2FC,2.0,NV,L4,1,10.0,0.83,1018.1,209.50335452100893
85717,2FC,2.0,NV,L4,miss,,,,
85717,2FC,2.0,NV,L5,0,1.0,0.08,978.0,
85717,2FC,2.0,NV,L5,1,11.0,0.92,1062.0,177.58772480101203
85717,2FC,2.0,NV,L5,miss,,,,
85717,2FC,2.0,SiSSN,L1,0,2.0,0.17,1268.0,233.3452377915607
85717,2FC,2.0,SiSSN,L1,1,10.0,0.83,958.7,148.41462192115705
85717,2FC,2.0,SiSSN,L1,miss,,,,
85717,2FC,2.0,SiSSN,L2,0,2.0,0.17,1115.0,70.71067811865476
85717,2FC,2.0,SiSSN,L2,1,10.0,0.83,981.4,114.29999513949636
85717,2FC,2.0,SiSSN,L2,miss,,,,
85717,2FC,2.0,SiSSN,L3,0,,,,
85717,2FC,2.0,SiSSN,L3,1,12.0,1.0,941.1666666666666,106.4201222713187
85717,2FC,2.0,SiSSN,L3,miss,,,,
85717,2FC,2.0,SiSSN,L4,0,1.0,0.08,1271.0,
85717,2FC,2.0,SiSSN,L4,1,11.0,0.92,951.5454545454544,168.65311360088413
85717,2FC,2.0,SiSSN,L4,miss,,,,
85717,2FC,2.0,SiSSN,L5,0,1.0,0.08,1063.0,
85717,2FC,2.0,SiSSN,L5,1,11.0,0.92,1065.090909090909,232.35036240361435
85717,2FC,2.0,SiSSN,L5,miss,,,,
8571731,2FC,1.0,NV,L1,0,2.0,0.17,1218.0999999940395,374.34232996437305
8571731,2FC,1.0,NV,L1,1,9.0,0.75,1123.2777777777778,147.64154037603672
8571731,2FC,1.0,NV,L1,miss,1.0,0.08,,
8571731,2FC,1.0,NV,L2,0,2.0,0.17,1307.9499999955297,23.122391746907446
8571731,2FC,1.0,NV,L2,1,10.0,0.83,1299.9,225.1094696628901
8571731,2FC,1.0,NV,L2,miss,,,,
8571731,2FC,1.0,NV,L3,0,2.0,0.17,796.4000000059605,582.3731449810259
8571731,2FC,1.0,NV,L3,1,9.0,0.75,1253.9666666669978,235.18690439572003
8571731,2FC,1.0,NV,L3,miss,1.0,0.08,,
8571731,2FC,1.0,NV,L4,0,4.0,0.33,1252.8750000037253,222.3846273928209
8571731,2FC,1.0,NV,L4,1,8.0,0.67,1101.9999999981374,95.14148862240528
8571731,2FC,1.0,NV,L4,miss,,,,
8571731,2FC,1.0,NV,L5,0,1.0,0.08,1160.5999999940395,
8571731,2FC,1.0,NV,L5,1,11.0,0.92,1121.5363636369054,135.8795957645404
8571731,2FC,1.0,NV,L5,miss,,,,
8571731,2FC,1.0,SiSSN,L1,0,5.0,0.42,1562.540000000596,288.9698911684846
8571731,2FC,1.0,SiSSN,L1,1,7.0,0.58,1312.757142856717,93.35678616788496
8571731,2FC,1.0,SiSSN,L1,miss,,,,
8571731,2FC,1.0,SiSSN,L2,0,3.0,0.25,1164.0333333313465,242.6924047768027
8571731,2FC,1.0,SiSSN,L2,1,9.0,0.75,1298.655555556218,233.8967513210848
8571731,2FC,1.0,SiSSN,L2,miss,,,,
8571731,2FC,1.0,SiSSN,L3,0,4.0,0.33,1095.3250000029802,42.098010640553056
8571731,2FC,1.0,SiSSN,L3,1,8.0,0.67,1205.4500000011176,109.7695117696204
8571731,2FC,1.0,SiSSN,L3,miss,,,,
8571731,2FC,1.0,SiSSN,L4,0,2.0,0.17,1289.5499999970198,138.0979543741621
8571731,2FC,1.0,SiSSN,L4,1,10.0,0.83,1147.0499999970198,68.47919797476507
8571731,2FC,1.0,SiSSN,L4,miss,,,,
8571731,2FC,1.0,SiSSN,L5,0,,,,
8571731,2FC,1.0,SiSSN,L5,1,12.0,1.0,1163.516666666915,110.94456300753276
8571731,2FC,1.0,SiSSN,L5,miss,,,,
8571731,2FC,2.0,NV,L1,0,1.0,0.08,1042.2999999970198,
8571731,2FC,2.0,NV,L1,1,11.0,0.92,1312.9999999986453,247.79763517893693
8571731,2FC,2.0,NV,L1,miss,,,,
8571731,2FC,2.0,NV,L2,0,3.0,0.25,1308.5,49.1967478647572
8571731,2FC,2.0,NV,L2,1,9.0,0.75,1280.8222222228844,228.65199418633347
8571731,2FC,2.0,NV,L2,miss,,,,
8571731,2FC,2.0,NV,L3,0,1.0,0.08,1218.0,
8571731,2FC,2.0,NV,L3,1,11.0,0.92,1216.118181817911,206.65875165767196
8571731,2FC,2.0,NV,L3,miss,,,,
8571731,2FC,2.0,NV,L4,0,3.0,0.25,1173.56666666766,171.47927960707813
8571731,2FC,2.0,NV,L4,1,9.0,0.75,1128.0555555522442,120.75778557880692
8571731,2FC,2.0,NV,L4,miss,,,,
8571731,2FC,2.0,NV,L5,0,3.0,0.25,1417.1333333402872,292.2603177536259
8571731,2FC,2.0,NV,L5,1,9.0,0.75,1086.0666666660045,118.62449156837066
8571731,2FC,2.0,NV,L5,miss,,,,
8571731,2FC,2.0,SiSSN,L1,0,3.0,0.25,1434.500000004967,169.2173749963615
8571731,2FC,2.0,SiSSN,L1,1,9.0,0.75,1109.1999999980133,248.07349213318736
8571731,2FC,2.0,SiSSN,L1,miss,,,,
8571731,2FC,2.0,SiSSN,L2,0,1.0,0.08,1047.7999999970198,
8571731,2FC,2.0,SiSSN,L2,1,11.0,0.92,1260.0999999981034,256.0285882449824
8571731,2FC,2.0,SiSSN,L2,miss,,,,
8571731,2FC,2.0,SiSSN,L3,0,2.0,0.17,1117.1500000059605,197.63634534164007
8571731,2FC,2.0,SiSSN,L3,1,10.0,0.83,1165.9099999964235,137.5532902801267
8571731,2FC,2.0,SiSSN,L3,miss,,,,
8571731,2FC,2.0,SiSSN,L4,0,2.0,0.17,1071.8499999940395,60.17478707476051
8571731,2FC,2.0,SiSSN,L4,1,10.0,0.83,1204.009999999404,154.13962249443443
8571731,2FC,2.0,SiSSN,L4,miss,,,,
8571731,2FC,2.0,SiSSN,L5,0,2.0,0.17,1066.7000000029802,81.60012255314227
8571731,2FC,2.0,SiSSN,L5,1,10.0,0.83,1130.89999999851,129.03743642769814
8571731,2FC,2.0,SiSSN,L5,miss,,,,
85719,2FC,1.0,NV,L1,0,9.0,0.75,1358.8999999889895,642.3557075414033
85719,2FC,1.0,NV,L1,1,12.0,1.0,1140.3249999961506,171.40237679478506
85719,2FC,1.0,NV,L1,miss,3.0,0.25,,
85719,2FC,1.0,NV,L2,0,4.0,0.33,1369.0250000180677,196.47497505890703
85719,2FC,1.0,NV,L2,1,15.0,1.25,1354.219999993344,295.84897739899367
85719,2FC,1.0,NV,L2,miss,5.0,0.42,,
85719,2FC,1.0,NV,L3,0,2.0,0.17,1051.5999999642372,110.16723655944033
85719,2FC,1.0,NV,L3,1,13.0,1.08,1275.6000000129525,248.85515196589563
85719,2FC,1.0,NV,L3,miss,9.0,0.75,,
85719,2FC,1.0,NV,L4,0,4.0,0.33,1544.5250000059605,294.3887381866013
85719,2FC,1.0,NV,L4,1,16.0,1.33,1113.8062500129454,176.29656253002918
85719,2FC,1.0,NV,L4,miss,4.0,0.33,,
85719,2FC,1.0,NV,L5,0,2.0,0.17,1301.2000000011176,372.3624309712554
85719,2FC,1.0,NV,L5,1,17.0,1.42,1119.217647054397,219.63100656247693
85719,2FC,1.0,NV,L5,miss,5.0,0.42,,
85719,2FC,1.0,SiSSN,L1,0,4.0,0.33,1271.7250000052154,290.7083461123643
85719,2FC,1.0,SiSSN,L1,1,18.0,1.5,1244.0222222206908,202.36194001873625
85719,2FC,1.0,SiSSN,L1,miss,2.0,0.17,,
85719,2FC,1.0,SiSSN,L2,0,3.0,0.25,1079.1000000399847,184.46677203977964
85719,2FC,1.0,SiSSN,L2,1,21.0,1.75,1106.9666666782327,241.8527782144726
85719,2FC,1.0,SiSSN,L2,miss,,,,
85719,2FC,1.0,SiSSN,L3,0,3.0,0.25,1132.7999999995034,181.55737385119645
85719,2FC,1.0,SiSSN,L3,1,21.0,1.75,1102.2428571335265,232.6936646479475
85719,2FC,1.0,SiSSN,L3,miss,,,,
85719,2FC,1.0,SiSSN,L4,0,3.0,0.25,1140.6999999756615,180.9467048269213
85719,2FC,1.0,SiSSN,L4,1,21.0,1.75,1070.638095225784,184.97229381559717
85719,2FC,1.0,SiSSN,L4,miss,,,,
85719,2FC,1.0,SiSSN,L5,0,1.0,0.08,856.8999999761581,
85719,2FC,1.0,SiSSN,L5,1,23.0,1.92,992.017391309142,155.33466408749388
85719,2FC,1.0,SiSSN,L5,miss,,,,
85719,2FC,2.0,NV,L1,0,6.0,0.5,1226.6166666553663,312.1503895084246
85719,2FC,2.0,NV,L1,1,17.0,1.42,1176.3117647028582,252.481531199658
85719,2FC,2.0,NV,L1,miss,1.0,0.08,,
85719,2FC,2.0,NV,L2,0,4.0,0.33,1283.3249999945983,385.88088294685787
85719,2FC,2.0,NV,L2,1,20.0,1.67,1248.1249999973925,215.21633150709704
85719,2FC,2.0,NV,L2,miss,,,,
85719,2FC,2.0,NV,L3,0,5.0,0.42,1348.419999986142,345.861738279206
85719,2FC,2.0,NV,L3,1,19.0,1.58,1161.8842105312567,212.9003059961068
85719,2FC,2.0,NV,L3,miss,,,,
85719,2FC,2.0,NV,L4,0,5.0,0.42,1430.7999999910594,269.8773517685141
85719,2FC,2.0,NV,L4,1,19.0,1.58,1160.557894724372,285.86488324003113
85719,2FC,2.0,NV,L4,miss,,,,
85719,2FC,2.0,NV,L5,0,1.0,0.08,1011.2999999970198,
85719,2FC,2.0,NV,L5,1,23.0,1.92,1081.269565211528,263.8076269385112
85719,2FC,2.0,NV,L5,miss,,,,
85719,2FC,2.0,SiSSN,L1,0,5.0,0.42,1399.2200000338255,282.59686299837915
85719,2FC,2.0,SiSSN,L1,1,19.0,1.58,1301.731578966505,222.35637575119048
85719,2FC,2.0,SiSSN,L1,miss,,,,
85719,2FC,2.0,SiSSN,L2,0,4.0,0.33,1450.6000000173226,240.4709961374872
85719,2FC,2.0,SiSSN,L2,1,20.0,1.67,1092.1299999918788,174.75315854788937
85719,2FC,2.0,SiSSN,L2,miss,,,,
85719,2FC,2.0,SiSSN,L3,0,1.0,0.08,1306.100000023842,
85719,2FC,2.0,SiSSN,L3,1,23.0,1.92,1156.4608695685215,282.89737095442564
85719,2FC,2.0,SiSSN,L3,miss,,,,
85719,2FC,2.0,SiSSN,L4,0,1.0,0.08,1643.0,
85719,2FC,2.0,SiSSN,L4,1,22.0,1.83,1057.5545454533262,177.0663226103046
85719,2FC,2.0,SiSSN,L4,miss,1.0,0.08,,
85719,2FC,2.0,SiSSN,L5,0,1.0,0.08,963.600000023842,
85719,2FC,2.0,SiSSN,L5,1,23.0,1.92,1063.6478260928843,154.35938251181494
85719,2FC,2.0,SiSSN,L5,miss,,,,
8571921,2FC,1.0,NV,L1,0,2.0,0.17,1778.0,59.39696961966999
8571921,2FC,1.0,NV,L1,1,9.0,0.75,1320.6666666666667,142.07480424058306
8571921,2FC,1.0,NV,L1,miss,1.0,0.08,,
8571921,2FC,1.0,NV,L2,0,2.0,0.17,1497.5,194.45436482630055
8571921,2FC,1.0,NV,L2,1,8.0,0.67,1704.625,281.11509462953325
8571921,2FC,1.0,NV,L2,miss,2.0,0.17,,
8571921,2FC,1.0,NV,L3,0,1.0,0.08,1669.0,
8571921,2FC,1.0,NV,L3,1,11.0,0.92,1515.3636363636365,239.5809978805801
8571921,2FC,1.0,NV,L3,miss,,,,
8571921,2FC,1.0,NV,L4,0,,,,
8571921,2FC,1.0,NV,L4,1,12.0,1.0,1505.5833333333333,191.86522653027868
8571921,2FC,1.0,NV,L4,miss,,,,
8571921,2FC,1.0,NV,L5,0,1.0,0.08,1934.0,
8571921,2FC,1.0,NV,L5,1,10.0,0.83,1283.0,112.33976242730006
8571921,2FC,1.0,NV,L5,miss,1.0,0.08,,
8571921,2FC,1.0,SiSSN,L1,0,2.0,0.17,1404.5,236.88077169749343
8571921,2FC,1.0,SiSSN,L1,1,10.0,0.83,1337.6,181.2868813051108
8571921,2FC,1.0,SiSSN,L1,miss,,,,
8571921,2FC,1.0,SiSSN,L2,0,1.0,0.08,1377.0,
8571921,2FC,1.0,SiSSN,L2,1,11.0,0.92,1317.6363636363635,174.7903159372811
8571921,2FC,1.0,SiSSN,L2,miss,,,,
8571921,2FC,1.0,SiSSN,L3,0,3.0,0.25,1341.3333333333333,20.84066537645411
8571921,2FC,1.0,SiSSN,L3,1,9.0,0.75,1281.5555555555557,118.8182552378959
8571921,2FC,1.0,SiSSN,L3,miss,,,,
8571921,2FC,1.0,SiSSN,L4,0,1.0,0.08,1702.0,
8571921,2FC,1.0,SiSSN,L4,1,11.0,0.92,1188.090909090909,120.99706983679776
8571921,2FC,1.0,SiSSN,L4,miss,,,,
8571921,2FC,1.0,SiSSN,L5,0,,,,
8571921,2FC,1.0,SiSSN,L5,1,12.0,1.0,1270.5833333333333,170.24338637979628
8571921,2FC,1.0,SiSSN,L5,miss,,,,
8571921,2FC,2.0,NV,L1,0,2.0,0.17,1416.5,136.47160876900367
8571921,2FC,2.0,NV,L1,1,10.0,0.83,1409.4,211.71899615606844
8571921,2FC,2.0,NV,L1,miss,,,,
8571921,2FC,2.0,NV,L2,0,1.0,0.08,1299.0,
8571921,2FC,2.0,NV,L2,1,11.0,0.92,1361.8181818181818,230.6819534258448
8571921,2FC,2.0,NV,L2,miss,,,,
8571921,2FC,2.0,NV,L3,0,6.0,0.5,1343.0,188.5438940936566
8571921,2FC,2.0,NV,L3,1,6.0,0.5,1265.8333333333333,149.9298724959995
8571921,2FC,2.0,NV,L3,miss,,,,
8571921,2FC,2.0,NV,L4,0,4.0,0.33,1323.5,150.13882464794594
8571921,2FC,2.0,NV,L4,1,8.0,0.67,1169.75,129.43807123761655
8571921,2FC,2.0,NV,L4,miss,,,,
8571921,2FC,2.0,NV,L5,0,1.0,0.08,1517.0,
8571921,2FC,2.0,NV,L5,1,11.0,0.92,1257.7272727272727,178.981614088761
8571921,2FC,2.0,NV,L5,miss,,,,
8571921,2FC,2.0,SiSSN,L1,0,5.0,0.42,1401.6,155.6977841846184
8571921,2FC,2.0,SiSSN,L1,1,6.0,0.5,1257.3333333333333,117.11988160285452
8571921,2FC,2.0,SiSSN,L1,miss,1.0,0.08,,
8571921,2FC,2.0,SiSSN,L2,0,2.0,0.17,1329.5,239.7091988222396
8571921,2FC,2.0,SiSSN,L2,1,10.0,0.83,1257.8,86.97483671857174
8571921,2FC,2.0,SiSSN,L2,miss,,,,
8571921,2FC,2.0,SiSSN,L3,0,3.0,0.25,1298.6666666666667,164.16252109824984
8571921,2FC,2.0,SiSSN,L3,1,9.0,0.75,1306.3333333333333,216.28280098056803
8571921,2FC,2.0,SiSSN,L3,miss,,,,
8571921,2FC,2.0,SiSSN,L4,0,1.0,0.08,1449.0,
8571921,2FC,2.0,SiSSN,L4,1,11.0,0.92,1207.1818181818182,137.78665986358638
8571921,2FC,2.0,SiSSN,L4,miss,,,,
8571921,2FC,2.0,SiSSN,L5,0,,,,
8571921,2FC,2.0,SiSSN,L5,1,12.0,1.0,1325.1666666666667,266.79131556444275
8571921,2FC,2.0,SiSSN,L5,miss,,,,
8571966,2FC,1.0,NV,L1,0,2.0,0.17,1089.149999976158,44.33559521411401
8571966,2FC,1.0,NV,L1,1,10.0,0.83,1208.8099999785422,173.0797147786849
8571966,2FC,1.0,NV,L2,0,7.0,0.58,1201.142857142857,165.7710857221091
8571966,2FC,1.0,NV,L2,1,5.0,0.42,1170.199999976158,132.89025550281394
8571966,2FC,1.0,NV,L3,0,4.0,0.33,1284.1749999821186,123.57851419139892
8571966,2FC,1.0,NV,L3,1,8.0,0.67,1166.8500000089407,190.02223932721137
8571966,2FC,1.0,NV,L4,0,2.0,0.17,1268.3499999642372,174.01897886686808
8571966,2FC,1.0,NV,L4,1,10.0,0.83,1165.889999997616,213.04851532141737
8571966,2FC,1.0,NV,L5,0,2.0,0.17,1227.050000011921,265.5185964198423
8571966,2FC,1.0,NV,L5,1,10.0,0.83,1072.4800000071525,139.74053575000949
8571966,2FC,1.0,SiSSN,L1,0,4.0,0.33,1302.5999999642372,200.59818878137807
8571966,2FC,1.0,SiSSN,L1,1,8.0,0.67,1212.2125000059605,133.15651841030785
8571966,2FC,1.0,SiSSN,L2,0,1.0,0.08,1489.600000023842,
8571966,2FC,1.0,SiSSN,L2,1,11.0,0.92,1073.700000004335,119.8313898730587
8571966,2FC,1.0,SiSSN,L3,0,1.0,0.08,1152.5,
8571966,2FC,1.0,SiSSN,L3,1,11.0,0.92,1044.5000000216744,83.15751317938407
8571966,2FC,1.0,SiSSN,L4,0,,,,
8571966,2FC,1.0,SiSSN,L4,1,12.0,1.0,1087.8083333174388,134.3518275249349
8571966,2FC,1.0,SiSSN,L5,0,,,,
8571966,2FC,1.0,SiSSN,L5,1,12.0,1.0,990.1333333452544,130.94695895209918
8571966,2FC,2.0,NV,L1,0,1.0,0.08,1307.2000000476835,
8571966,2FC,2.0,NV,L1,1,11.0,0.92,1197.8363636298614,211.21754791581668
8571966,2FC,2.0,NV,L2,0,,,,
8571966,2FC,2.0,NV,L2,1,12.0,1.0,1199.8583333194256,263.9941096487648
8571966,2FC,2.0,NV,L3,0,3.0,0.25,1306.2333332697551,392.05002655027806
8571966,2FC,2.0,NV,L3,1,9.0,0.75,1176.8222222195732,247.44511400395257
8571966,2FC,2.0,NV,L4,0,5.0,0.42,1250.5200000047685,70.37255861663053
8571966,2FC,2.0,NV,L4,1,7.0,0.58,1208.4142857279096,130.86904941915265
8571966,2FC,2.0,NV,L5,0,1.0,0.08,1041.2999999523165,
8571966,2FC,2.0,NV,L5,1,11.0,0.92,1151.7181818160143,197.6161623685284
8571966,2FC,2.0,SiSSN,L1,0,3.0,0.25,1049.5666667222977,57.42493647515949
8571966,2FC,2.0,SiSSN,L1,1,9.0,0.75,1086.422222216924,223.8109457821517
8571966,2FC,2.0,SiSSN,L2,0,3.0,0.25,1146.9333333571751,144.4324178837993
8571966,2FC,2.0,SiSSN,L2,1,9.0,0.75,1085.5333333677715,185.17832622232388
8571966,2FC,2.0,SiSSN,L3,0,1.0,0.08,1603.5999999046326,
8571966,2FC,2.0,SiSSN,L3,1,11.0,0.92,1079.3272727294402,141.34737418328808
8571966,2FC,2.0,SiSSN,L4,0,,,,
8571966,2FC,2.0,SiSSN,L4,1,12.0,1.0,1071.2166666785877,111.1487278534114
8571966,2FC,2.0,SiSSN,L5,0,3.0,0.25,1070.2000000079472,100.32168256513457
8571966,2FC,2.0,SiSSN,L5,1,9.0,0.75,1013.3111111190584,178.73919160269176
8572182,2FC,1.0,NV,L1,0,4.0,0.33,1323.8750000298023,194.9854588648064
8572182,2FC,1.0,NV,L1,1,8.0,0.67,1232.875,183.64491939885383
8572182,2FC,1.0,NV,L1,miss,,,,
8572182,2FC,1.0,NV,L2,0,,,,
8572182,2FC,1.0,NV,L2,1,12.0,1.0,1263.441666662693,259.5360632038452
8572182,2FC,1.0,NV,L2,miss,,,,
8572182,2FC,1.0,NV,L3,0,4.0,0.33,1519.800000011921,383.8781838121656
8572182,2FC,1.0,NV,L3,1,8.0,0.67,1433.412500023842,294.73603895481324
8572182,2FC,1.0,NV,L3,miss,,,,
8572182,2FC,1.0,NV,L4,0,5.0,0.42,1464.0599999904632,178.475412876706
8572182,2FC,1.0,NV,L4,1,7.0,0.58,1359.6571428435188,236.97743812809676
8572182,2FC,1.0,NV,L4,miss,,,,
8572182,2FC,1.0,NV,L5,0,5.0,0.42,1231.6599999666214,146.736627989621
8572182,2FC,1.0,NV,L5,1,7.0,0.58,1158.8000000204358,179.89322760054992
8572182,2FC,1.0,NV,L5,miss,,,,
8572182,2FC,1.0,SiSSN,L1,0,2.0,0.17,1653.899999976158,82.73149339882606
8572182,2FC,1.0,SiSSN,L1,1,8.0,0.67,1173.4749999940395,293.8854089094902
8572182,2FC,1.0,SiSSN,L1,miss,2.0,0.17,,
8572182,2FC,1.0,SiSSN,L2,0,4.0,0.33,1327.6999999880793,326.2708179434016
8572182,2FC,1.0,SiSSN,L2,1,8.0,0.67,1166.4125000089407,283.8971767507208
8572182,2FC,1.0,SiSSN,L2,miss,,,,
8572182,2FC,1.0,SiSSN,L3,0,3.0,0.25,1146.2000000476835,163.12041559421723
8572182,2FC,1.0,SiSSN,L3,1,8.0,0.67,1200.7000000029802,226.9015645813201
8572182,2FC,1.0,SiSSN,L3,miss,1.0,0.08,,
8572182,2FC,1.0,SiSSN,L4,0,1.0,0.08,1833.2999999523165,
8572182,2FC,1.0,SiSSN,L4,1,9.0,0.75,1255.3555555608536,384.2223253340272
8572182,2FC,1.0,SiSSN,L4,miss,2.0,0.17,,
8572182,2FC,1.0,SiSSN,L5,0,2.0,0.17,1202.7000000476835,218.0717313853662
8572182,2FC,1.0,SiSSN,L5,1,8.0,0.67,1187.4625000208616,260.2172166141695
8572182,2FC,1.0,SiSSN,L5,miss,2.0,0.17,,
8572182,2FC,2.0,NV,L1,0,5.0,0.42,756.9200000047683,663.4437406209529
8572182,2FC,2.0,NV,L1,1,7.0,0.58,1008.3714285578046,689.0163585542044
8572182,2FC,2.0,NV,L1,miss,,,,
8572182,2FC,2.0,NV,L2,0,4.0,0.33,929.274999976158,634.2906661541132
8572182,2FC,2.0,NV,L2,1,6.0,0.5,1246.2833333611488,621.7373381766193
8572182,2FC,2.0,NV,L2,miss,2.0,0.17,,
8572182,2FC,2.0,NV,L3,0,3.0,0.25,1364.9333333174388,230.6833616060074
8572182,2FC,2.0,NV,L3,1,9.0,0.75,1125.6222222248714,500.55092091423626
8572182,2FC,2.0,NV,L3,miss,,,,
8572182,2FC,2.0,NV,L4,0,2.0,0.17,1587.800000011921,276.4787515282337
8572182,2FC,2.0,NV,L4,1,9.0,0.75,1212.9888888994851,354.7168957270211
8572182,2FC,2.0,NV,L4,miss,1.0,0.08,,
8572182,2FC,2.0,NV,L5,0,2.0,0.17,1460.600000023842,250.88148593126985
8572182,2FC,2.0,NV,L5,1,8.0,0.67,1081.7499999850988,495.5132779092541
8572182,2FC,2.0,NV,L5,miss,2.0,0.17,,
8572182,2FC,2.0,SiSSN,L1,0,3.0,0.25,1321.599999944369,338.7347192550973
8572182,2FC,2.0,SiSSN,L1,1,9.0,0.75,1028.0777777698304,135.60692070011254
8572182,2FC,2.0,SiSSN,L1,miss,,,,
8572182,2FC,2.0,SiSSN,L2,0,4.0,0.33,1174.1249999701977,398.6856019058334
8572182,2FC,2.0,SiSSN,L2,1,7.0,0.58,868.7428571496691,106.45519958544354
8572182,2FC,2.0,SiSSN,L2,miss,1.0,0.08,,
8572182,2FC,2.0,SiSSN,L3,0,2.0,0.17,794.6000000238419,23.758787949020437
8572182,2FC,2.0,SiSSN,L3,1,9.0,0.75,1032.166666653421,300.6877325580141
8572182,2FC,2.0,SiSSN,L3,miss,1.0,0.08,,
8572182,2FC,2.0,SiSSN,L4,0,,,,
8572182,2FC,2.0,SiSSN,L4,1,11.0,0.92,1092.2272727489471,325.5638127501578
8572182,2FC,2.0,SiSSN,L4,miss,1.0,0.08,,
8572182,2FC,2.0,SiSSN,L5,0,,,,
8572182,2FC,2.0,SiSSN,L5,1,12.0,1.0,1010.9416666825612,252.78885715454587
8572182,2FC,2.0,SiSSN,L5,miss,,,,
85710,PM,1.0,NV,L1,0,8.0,0.4,1993.374999999069,463.4337331267045
85710,PM,1.0,NV,L1,1,12.0,0.6,1621.2333333333954,236.69989950227787
85710,PM,1.0,NV,L1,miss,,,,
85710,PM,1.0,NV,L2,0,7.0,0.35,1737.728571428252,349.7006944715312
85710,PM,1.0,NV,L2,1,13.0,0.65,1780.7923076920783,420.2661447651897
85710,PM,1.0,NV,L2,miss,,,,
85710,PM,1.0,NV,L3,0,5.0,0.25,1762.760000000149,436.5943918561685
85710,PM,1.0,NV,L3,1,15.0,0.75,1516.6533333331347,239.9688219824093
85710,PM,1.0,NV,L3,miss,,,,
85710,PM,1.0,NV,L4,0,6.0,0.3,1970.516666666915,487.02078976792393
85710,PM,1.0,NV,L4,1,14.0,0.7,1556.1285714283586,297.6459704685905
85710,PM,1.0,NV,L4,miss,,,,
85710,PM,1.0,NV,L5,0,2.0,0.1,1929.2999999988824,338.70414818572243
85710,PM,1.0,NV,L5,1,18.0,0.9,1649.3055555559697,384.02496161532713
85710,PM,1.0,NV,L5,miss,,,,
85710,PM,1.0,SiSSN,L1,0,5.0,0.25,2153.860000000149,432.8318645840332
85710,PM,1.0,SiSSN,L1,1,15.0,0.75,1925.4333333335817,368.7662144950325
85710,PM,1.0,SiSSN,L1,miss,,,,
85710,PM,1.0,SiSSN,L2,0,2.0,0.1,2276.599999997765,720.2589673176709
85710,PM,1.0,SiSSN,L2,1,18.0,0.9,1683.622222221974,202.65231179827887
85710,PM,1.0,SiSSN,L2,miss,,,,
85710,PM,1.0,SiSSN,L3,0,3.0,0.15,1969.03333333383,520.7849588188499
85710,PM,1.0,SiSSN,L3,1,17.0,0.85,1782.864705882528,270.64933479750647
85710,PM,1.0,SiSSN,L3,miss,,,,
85710,PM,1.0,SiSSN,L4,0,1.0,0.05,2204.60000000149,
85710,PM,1.0,SiSSN,L4,1,18.0,0.9,1849.8055555553483,459.0635230582737
85710,PM,1.0,SiSSN,L4,miss,1.0,0.05,,
85710,PM,1.0,SiSSN,L5,0,,,,
85710,PM,1.0,SiSSN,L5,1,20.0,1.0,1662.175,240.96687886607165
85710,PM,1.0,SiSSN,L5,miss,,,,
85710,PM,2.0,NV,L1,0,4.0,0.2,1829.3999999994408,613.5591414030833
85710,PM,2.0,NV,L1,1,16.0,0.8,1736.8437499997672,275.4172954355926
85710,PM,2.0,NV,L1,miss,,,,
85710,PM,2.0,NV,L2,0,5.0,0.25,1727.939999999851,517.0685960304728
85710,PM,2.0,NV,L2,1,15.0,0.75,1668.3933333344758,430.1413728847826
85710,PM,2.0,NV,L2,miss,,,,
85710,PM,2.0,NV,L3,0,2.0,0.1,2140.6500000003725,1017.4559474509036
85710,PM,2.0,NV,L3,1,18.0,0.9,1720.266666667536,363.8538556005667
85710,PM,2.0,NV,L3,miss,,,,
85710,PM,2.0,NV,L4,0,3.0,0.15,1983.8333333345752,295.33068471367056
85710,PM,2.0,NV,L4,1,17.0,0.85,1580.0352941172964,435.9268200358013
85710,PM,2.0,NV,L4,miss,,,,
85710,PM,2.0,NV,L5,0,5.0,0.25,1588.899999999255,205.09634321342543
85710,PM,2.0,NV,L5,1,15.0,0.75,1702.680000000447,391.1855646616765
85710,PM,2.0,NV,L5,miss,,,,
85710,PM,2.0,SiSSN,L1,0,4.0,0.2,1815.6749999998135,377.17519691533215
85710,PM,2.0,SiSSN,L1,1,16.0,0.8,1712.4562499998135,240.5553074835325
85710,PM,2.0,SiSSN,L1,miss,,,,
85710,PM,2.0,SiSSN,L2,0,6.0,0.3,1778.016666667536,687.6383160257374
85710,PM,2.0,SiSSN,L2,1,14.0,0.7,1540.192857143336,159.7048453784578
85710,PM,2.0,SiSSN,L2,miss,,,,
85710,PM,2.0,SiSSN,L3,0,2.0,0.1,1827.550000000745,404.6772108709538
85710,PM,2.0,SiSSN,L3,1,18.0,0.9,1668.111111111111,392.5040500186658
85710,PM,2.0,SiSSN,L3,miss,,,,
85710,PM,2.0,SiSSN,L4,0,2.0,0.1,1631.949999999255,304.1266265893875
85710,PM,2.0,SiSSN,L4,1,18.0,0.9,1613.3555555556798,251.5214368644153
85710,PM,2.0,SiSSN,L4,miss,,,,
85710,PM,2.0,SiSSN,L5,0,2.0,0.1,1886.6500000003723,262.265905143671
85710,PM,2.0,SiSSN,L5,1,18.0,0.9,1581.6666666666667,284.7135423132336
85710,PM,2.0,SiSSN,L5,miss,,,,
8571415,PM,1.0,NV,L1,0,4.0,0.2,1523.824999999255,395.28002204795166
8571415,PM,1.0,NV,L1,1,16.0,0.8,1382.99374999851,262.02785976366926
8571415,PM,1.0,NV,L2,0,6.0,0.3,1527.68333333234,366.4075895322979
8571415,PM,1.0,NV,L2,1,14.0,0.7,1136.014285715563,239.39150700242192
8571415,PM,1.0,NV,L3,0,4.0,0.2,1417.3250000029802,216.5187039569636
8571415,PM,1.0,NV,L3,1,16.0,0.8,1308.775000001304,335.75446881982634
8571415,PM,1.0,NV,L4,0,5.0,0.25,1568.0799999952317,376.676919921576
8571415,PM,1.0,NV,L4,1,15.0,0.75,1388.9266666690507,402.6316811514834
8571415,PM,1.0,NV,L5,0,6.0,0.3,1247.68333333234,130.3189382515279
8571415,PM,1.0,NV,L5,1,14.0,0.7,1437.14999999851,336.1588492402792
8571415,PM,1.0,SiSSN,L1,0,7.0,0.35,1308.4428571441345,222.62171844614247
8571415,PM,1.0,SiSSN,L1,1,13.0,0.65,1380.7692307680843,334.68180257612806
8571415,PM,1.0,SiSSN,L2,0,5.0,0.25,1209.979999998212,224.7646257742555
8571415,PM,1.0,SiSSN,L2,1,15.0,0.75,1187.306666665276,247.7471968044408
8571415,PM,1.0,SiSSN,L3,0,2.0,0.1,1324.4500000104308,6.57609306292755
8571415,PM,1.0,SiSSN,L3,1,18.0,0.9,1186.8388888877298,272.0890925447231
8571415,PM,1.0,SiSSN,L4,0,2.0,0.1,1346.6999999955297,97.01505038090166
8571415,PM,1.0,SiSSN,L4,1,18.0,0.9,1127.7777777777778,188.7660162449388
8571415,PM,1.0,SiSSN,L5,0,3.0,0.15,1097.3666666597128,171.89602477669456
8571415,PM,1.0,SiSSN,L5,1,17.0,0.85,1241.54117647164,272.5985969768893
8571415,PM,2.0,NV,L1,0,7.0,0.35,1746.242857139025,945.758649369972
8571415,PM,2.0,NV,L1,1,13.0,0.65,1273.7769230764643,381.8334784391715
8571415,PM,2.0,NV,L2,0,5.0,0.25,1278.019999998808,289.9544308980294
8571415,PM,2.0,NV,L2,1,15.0,0.75,1231.9533333321413,219.8896179809639
8571415,PM,2.0,NV,L3,0,4.0,0.2,1341.949999999255,346.32122371535394
8571415,PM,2.0,NV,L3,1,16.0,0.8,1189.5687500005588,349.6148866379114
8571415,PM,2.0,NV,L4,0,3.0,0.15,1510.4000000009935,99.20569540441782
8571415,PM,2.0,NV,L4,1,17.0,0.85,1250.311764703954,286.5562245918538
8571415,PM,2.0,NV,L5,0,4.0,0.2,1393.39999999851,377.84871752175934
8571415,PM,2.0,NV,L5,1,16.0,0.8,1206.3624999998135,235.6127101126477
8571415,PM,2.0,SiSSN,L1,0,5.0,0.25,1494.920000001788,217.51894630503548
8571415,PM,2.0,SiSSN,L1,1,15.0,0.75,1279.6866666674614,225.31973113512964
8571415,PM,2.0,SiSSN,L2,0,5.0,0.25,1721.8200000017882,452.8353420375005
8571415,PM,2.0,SiSSN,L2,1,15.0,0.75,1228.0600000003974,156.09641617191275
8571415,PM,2.0,SiSSN,L3,0,1.0,0.05,1402.2999999970198,
8571415,PM,2.0,SiSSN,L3,1,19.0,0.95,1279.0842105244335,274.7462127174409
8571415,PM,2.0,SiSSN,L4,0,1.0,0.05,1091.0,
8571415,PM,2.0,SiSSN,L4,1,19.0,0.95,1198.9684210560824,185.8083183545897
8571415,PM,2.0,SiSSN,L5,0,,,,
8571415,PM,2.0,SiSSN,L5,1,20.0,1.0,1196.4400000020862,234.61400415593485
8571467,PM,1.0,NV,L1,0,4.0,0.2,1629.0,114.85933426007075
8571467,PM,1.0,NV,L1,1,16.0,0.8,1828.4375,758.5143346261384
8571467,PM,1.0,NV,L1,miss,,,,
8571467,PM,1.0,NV,L2,0,7.0,0.35,1821.571428571429,353.5632226079975
8571467,PM,1.0,NV,L2,1,12.0,0.6,1588.75,669.0570195839406
8571467,PM,1.0,NV,L2,miss,1.0,0.05,,
8571467,PM,1.0,NV,L3,0,5.0,0.25,1961.0,930.5694493158476
8571467,PM,1.0,NV,L3,1,15.0,0.75,1646.6666666666667,564.5208672173329
8571467,PM,1.0,NV,L3,miss,,,,
8571467,PM,1.0,NV,L4,0,8.0,0.4,1614.25,485.3913737534751
8571467,PM,1.0,NV,L4,1,12.0,0.6,1497.8333333333333,441.83930302426666
8571467,PM,1.0,NV,L4,miss,,,,
8571467,PM,1.0,NV,L5,0,8.0,0.4,1687.875,503.7321957151439
8571467,PM,1.0,NV,L5,1,12.0,0.6,1736.3333333333333,572.8677990178146
8571467,PM,1.0,NV,L5,miss,,,,
8571467,PM,1.0,SiSSN,L1,0,4.0,0.2,2068.5,369.7066404597029
8571467,PM,1.0,SiSSN,L1,1,16.0,0.8,1798.0,383.4595154641491
8571467,PM,1.0,SiSSN,L1,miss,,,,
8571467,PM,1.0,SiSSN,L2,0,4.0,0.2,2195.5,355.6866598566778
8571467,PM,1.0,SiSSN,L2,1,16.0,0.8,1974.875,576.1940500676255
8571467,PM,1.0,SiSSN,L2,miss,,,,
8571467,PM,1.0,SiSSN,L3,0,3.0,0.15,2593.333333333333,360.4723752707458
8571467,PM,1.0,SiSSN,L3,1,17.0,0.85,1807.9411764705883,437.6538973018857
8571467,PM,1.0,SiSSN,L3,miss,,,,
8571467,PM,1.0,SiSSN,L4,0,2.0,0.1,3015.5,434.8706704297267
8571467,PM,1.0,SiSSN,L4,1,18.0,0.9,1737.2222222222222,395.7890935030268
8571467,PM,1.0,SiSSN,L4,miss,,,,
8571467,PM,1.0,SiSSN,L5,0,1.0,0.05,2063.0,
8571467,PM,1.0,SiSSN,L5,1,19.0,0.95,1693.157894736842,508.09068122814176
8571467,PM,1.0,SiSSN,L5,miss,,,,
8571467,PM,2.0,NV,L1,0,6.0,0.3,1953.6666666666667,1024.7775693615988
8571467,PM,2.0,NV,L1,1,14.0,0.7,1759.2857142857142,779.6297374218916
8571467,PM,2.0,NV,L1,miss,,,,
8571467,PM,2.0,NV,L2,0,6.0,0.3,2091.5,613.7558961020252
8571467,PM,2.0,NV,L2,1,14.0,0.7,1750.7142857142858,524.4891182520712
8571467,PM,2.0,NV,L2,miss,,,,
8571467,PM,2.0,NV,L3,0,7.0,0.35,1766.142857142857,527.5567674261632
8571467,PM,2.0,NV,L3,1,13.0,0.65,1372.1538461538462,366.8057719815411
8571467,PM,2.0,NV,L3,miss,,,,
8571467,PM,2.0,NV,L4,0,5.0,0.25,1355.2,131.4560763144861
8571467,PM,2.0,NV,L4,1,15.0,0.75,1597.4666666666667,572.0548009046819
8571467,PM,2.0,NV,L4,miss,,,,
8571467,PM,2.0,NV,L5,0,7.0,0.35,2105.8571428571427,763.542932338326
8571467,PM,2.0,NV,L5,1,13.0,0.65,1462.0,446.03194952828215
8571467,PM,2.0,NV,L5,miss,,,,
8571467,PM,2.0,SiSSN,L1,0,7.0,0.35,1665.857142857143,497.8451662151693
8571467,PM,2.0,SiSSN,L1,1,13.0,0.65,1469.4615384615386,468.6556332362842
8571467,PM,2.0,SiSSN,L1,miss,,,,
8571467,PM,2.0,SiSSN,L2,0,4.0,0.2,1410.25,351.521810608294
8571467,PM,2.0,SiSSN,L2,1,16.0,0.8,1643.5,782.9117447068987
8571467,PM,2.0,SiSSN,L2,miss,,,,
8571467,PM,2.0,SiSSN,L3,0,1.0,0.05,1535.0,
8571467,PM,2.0,SiSSN,L3,1,19.0,0.95,1332.1052631578948,279.3804444633483
8571467,PM,2.0,SiSSN,L3,miss,,,,
8571467,PM,2.0,SiSSN,L4,0,3.0,0.15,1275.3333333333333,81.73942337289472
8571467,PM,2.0,SiSSN,L4,1,17.0,0.85,1442.764705882353,294.9863406608356
8571467,PM,2.0,SiSSN,L4,miss,,,,
8571467,PM,2.0,SiSSN,L5,0,2.0,0.1,1313.5,441.9417382415922
8571467,PM,2.0,SiSSN,L5,1,18.0,0.9,1312.2222222222222,336.31612501887633
8571467,PM,2.0,SiSSN,L5,miss,,,,
8571518,PM,1.0,NV,L1,0,2.0,0.1,1119.25,34.71894288882452
8571518,PM,1.0,NV,L1,1,18.0,0.9,1145.6722222301696,200.2059669169445
8571518,PM,1.0,NV,L1,miss,,,,
8571518,PM,1.0,NV,L2,0,3.0,0.15,1018.4333333174388,157.3447594043284
8571518,PM,1.0,NV,L2,1,17.0,0.85,1174.1176470868727,151.5359537790284
8571518,PM,1.0,NV,L2,miss,,,,
8571518,PM,1.0,NV,L3,0,3.0,0.15,1426.0,243.95964827671204
8571518,PM,1.0,NV,L3,1,17.0,0.85,1312.788235285703,357.80535716642135
8571518,PM,1.0,NV,L3,miss,,,,
8571518,PM,1.0,NV,L4,0,3.0,0.15,1401.8333333333333,392.95529443065874
8571518,PM,1.0,NV,L4,1,17.0,0.85,1300.0294117787305,284.22954140284514
8571518,PM,1.0,NV,L4,miss,,,,
8571518,PM,1.0,NV,L5,0,1.0,0.05,1662.6999998092651,
8571518,PM,1.0,NV,L5,1,19.0,0.95,1317.142105278216,311.8102437481317
8571518,PM,1.0,NV,L5,miss,,,,
8571518,PM,1.0,SiSSN,L1,0,5.0,0.25,1555.4599999904633,285.1423732772695
8571518,PM,1.0,SiSSN,L1,1,15.0,0.75,1547.3466667016348,334.13271711791907
8571518,PM,1.0,SiSSN,L1,miss,,,,
8571518,PM,1.0,SiSSN,L2,0,3.0,0.15,1372.5666666030884,154.85620204250802
8571518,PM,1.0,SiSSN,L2,1,17.0,0.85,1428.4705882493188,249.37235151825288
8571518,PM,1.0,SiSSN,L2,miss,,,,
8571518,PM,1.0,SiSSN,L3,0,2.0,0.1,1581.149999976158,58.05346683656799
8571518,PM,1.0,SiSSN,L3,1,18.0,0.9,1361.4277777804268,232.5906877031528
8571518,PM,1.0,SiSSN,L3,miss,,,,
8571518,PM,1.0,SiSSN,L4,0,2.0,0.1,2172.200000166893,1486.197032664168
8571518,PM,1.0,SiSSN,L4,1,18.0,0.9,1323.233333349228,154.5530215631779
8571518,PM,1.0,SiSSN,L4,miss,,,,
8571518,PM,1.0,SiSSN,L5,0,,,,
8571518,PM,1.0,SiSSN,L5,1,20.0,1.0,1421.124999976158,194.78877865131903
8571518,PM,1.0,SiSSN,L5,miss,,,,
8571518,PM,2.0,NV,L1,0,10.0,0.5,1690.1,537.8749007575855
8571518,PM,2.0,NV,L1,1,10.0,0.5,1326.6299999952316,422.0852600885028
8571518,PM,2.0,NV,L1,miss,,,,
8571518,PM,2.0,NV,L2,0,3.0,0.15,1716.5999999841054,576.0997049727998
8571518,PM,2.0,NV,L2,1,17.0,0.85,1487.5352940980126,383.6539325113896
8571518,PM,2.0,NV,L2,miss,,,,
8571518,PM,2.0,NV,L3,0,4.0,0.2,1433.75,221.7914711417722
8571518,PM,2.0,NV,L3,1,15.0,0.75,1512.5666666984555,495.8903300811404
8571518,PM,2.0,NV,L3,miss,1.0,0.05,,
8571518,PM,2.0,NV,L4,0,3.0,0.15,1636.6333332856495,850.2897407297205
8571518,PM,2.0,NV,L4,1,17.0,0.85,1336.1058823641608,208.57336379836065
8571518,PM,2.0,NV,L4,miss,,,,
8571518,PM,2.0,NV,L5,0,2.0,0.1,1380.899999976158,29.27422063997063
8571518,PM,2.0,NV,L5,1,18.0,0.9,1199.0499999655617,166.76510513930722
8571518,PM,2.0,NV,L5,miss,,,,
8571518,PM,2.0,SiSSN,L1,0,6.0,0.3,1323.8833333651226,305.66362822543346
8571518,PM,2.0,SiSSN,L1,1,14.0,0.7,1203.100000023842,113.09729641111632
8571518,PM,2.0,SiSSN,L1,miss,,,,
8571518,PM,2.0,SiSSN,L2,0,4.0,0.2,1378.1750000715256,259.57866335135225
8571518,PM,2.0,SiSSN,L2,1,16.0,0.8,1286.9437499940395,204.8041697478058
8571518,PM,2.0,SiSSN,L2,miss,,,,
8571518,PM,2.0,SiSSN,L3,0,2.0,0.1,1459.4500000476835,419.1021894115716
8571518,PM,2.0,SiSSN,L3,1,18.0,0.9,1211.483333362473,145.43332920076656
8571518,PM,2.0,SiSSN,L3,miss,,,,
8571518,PM,2.0,SiSSN,L4,0,2.0,0.1,1457.5500000715256,1.4849243416441862
8571518,PM,2.0,SiSSN,L4,1,18.0,0.9,1209.2833333677715,233.8296369564624
8571518,PM,2.0,SiSSN,L4,miss,,,,
8571518,PM,2.0,SiSSN,L5,0,1.0,0.05,1207.5999999046326,
8571518,PM,2.0,SiSSN,L5,1,19.0,0.95,1144.1105263107702,154.99132555607198
8571518,PM,2.0,SiSSN,L5,miss,,,,
8571572,PM,1.0,NV,L1,0,4.0,0.2,1920.25,233.8224041161725
8571572,PM,1.0,NV,L1,1,14.0,0.7,1630.642857142857,180.49956622272924
8571572,PM,1.0,NV,L1,miss,2.0,0.1,,
8571572,PM,1.0,NV,L2,0,5.0,0.25,1975.2,249.6090943856013
8571572,PM,1.0,NV,L2,1,14.0,0.7,1823.7142857142856,548.441347901407
8571572,PM,1.0,NV,L2,miss,1.0,0.05,,
8571572,PM,1.0,NV,L3,0,4.0,0.2,2584.75,1115.8423947852134
8571572,PM,1.0,NV,L3,1,15.0,0.75,1851.5333333333333,430.2852652878199
8571572,PM,1.0,NV,L3,miss,1.0,0.05,,
8571572,PM,1.0,NV,L4,0,4.0,0.2,1713.5,132.14259974234906
8571572,PM,1.0,NV,L4,1,16.0,0.8,1684.4375,616.8561116662459
8571572,PM,1.0,NV,L4,miss,,,,
8571572,PM,1.0,NV,L5,0,2.0,0.1,1857.0,140.0071426749364
8571572,PM,1.0,NV,L5,1,18.0,0.9,1737.388888888889,319.7850636413536
8571572,PM,1.0,NV,L5,miss,,,,
8571572,PM,1.0,SiSSN,L1,0,3.0,0.15,1812.6666666666667,203.78011024958576
8571572,PM,1.0,SiSSN,L1,1,16.0,0.8,1818.5625,365.406252227116
8571572,PM,1.0,SiSSN,L1,miss,1.0,0.05,,
8571572,PM,1.0,SiSSN,L2,0,1.0,0.05,2136.0,
8571572,PM,1.0,SiSSN,L2,1,19.0,0.95,1647.3684210526317,258.7620551193521
8571572,PM,1.0,SiSSN,L2,miss,,,,
8571572,PM,1.0,SiSSN,L3,0,,,,
8571572,PM,1.0,SiSSN,L3,1,20.0,1.0,1589.0,316.98381164044525
8571572,PM,1.0,SiSSN,L3,miss,,,,
8571572,PM,1.0,SiSSN,L4,0,,,,
8571572,PM,1.0,SiSSN,L4,1,19.0,0.95,1522.3157894736842,246.45284710863703
8571572,PM,1.0,SiSSN,L4,miss,1.0,0.05,,
8571572,PM,1.0,SiSSN,L5,0,,,,
8571572,PM,1.0,SiSSN,L5,1,19.0,0.95,1640.8947368421052,467.04768906359993
8571572,PM,1.0,SiSSN,L5,miss,1.0,0.05,,
8571572,PM,2.0,NV,L1,0,2.0,0.1,1643.0,84.8528137423857
8571572,PM,2.0,NV,L1,1,18.0,0.9,1607.5555555555557,397.9020308364747
8571572,PM,2.0,NV,L1,miss,,,,
8571572,PM,2.0,NV,L2,0,4.0,0.2,1905.75,587.6066569852092
8571572,PM,2.0,NV,L2,1,16.0,0.8,1688.875,359.71819989171155
8571572,PM,2.0,NV,L2,miss,,,,
8571572,PM,2.0,NV,L3,0,3.0,0.15,1693.6666666666667,158.86262409180247
8571572,PM,2.0,NV,L3,1,16.0,0.8,1614.1875,298.6119485776369
8571572,PM,2.0,NV,L3,miss,1.0,0.05,,
8571572,PM,2.0,NV,L4,0,2.0,0.1,1391.0,4.242640687119285
8571572,PM,2.0,NV,L4,1,18.0,0.9,1724.8333333333333,506.5167380080869
8571572,PM,2.0,NV,L4,miss,,,,
8571572,PM,2.0,NV,L5,0,4.0,0.2,1865.75,253.75628071044864
8571572,PM,2.0,NV,L5,1,16.0,0.8,1690.0625,506.1585349473029
8571572,PM,2.0,NV,L5,miss,,,,
8571572,PM,2.0,SiSSN,L1,0,,,,
8571572,PM,2.0,SiSSN,L1,1,20.0,1.0,1580.9,362.8459003053791
8571572,PM,2.0,SiSSN,L1,miss,,,,
8571572,PM,2.0,SiSSN,L2,0,2.0,0.1,2222.0,429.9209229614209
8571572,PM,2.0,SiSSN,L2,1,18.0,0.9,1576.3333333333333,592.7105235322571
8571572,PM,2.0,SiSSN,L2,miss,,,,
8571572,PM,2.0,SiSSN,L3,0,1.0,0.05,1354.0,
8571572,PM,2.0,SiSSN,L3,1,19.0,0.95,1376.0526315789473,188.16584696727583
8571572,PM,2.0,SiSSN,L3,miss,,,,
8571572,PM,2.0,SiSSN,L4,0,2.0,0.1,1154.5,53.033008588991066
8571572,PM,2.0,SiSSN,L4,1,18.0,0.9,1393.2222222222222,272.80062867694414
8571572,PM,2.0,SiSSN,L4,miss,,,,
8571572,PM,2.0,SiSSN,L5,0,,,,
8571572,PM,2.0,SiSSN,L5,1,19.0,0.95,1408.842105263158,160.90275294858307
8571572,PM,2.0,SiSSN,L5,miss,1.0,0.05,,
8571581,PM,1.0,NV,L1,0,4.0,0.2,1880.7500000074504,245.8517371669268
8571581,PM,1.0,NV,L1,1,16.0,0.8,1753.468750005588,346.5958909549886
8571581,PM,1.0,NV,L1,miss,,,,
8571581,PM,1.0,NV,L2,0,4.0,0.2,2038.67499999702,491.4162144611117
8571581,PM,1.0,NV,L2,1,16.0,0.8,1767.96875,264.15482763673026
8571581,PM,1.0,NV,L2,miss,,,,
8571581,PM,1.0,NV,L3,0,4.0,0.2,2068.22500000149,576.521646755905
8571581,PM,1.0,NV,L3,1,16.0,0.8,1595.86874999851,238.26666774656192
8571581,PM,1.0,NV,L3,miss,,,,
8571581,PM,1.0,NV,L4,0,1.0,0.05,2054.0999999940395,
8571581,PM,1.0,NV,L4,1,19.0,0.95,1596.357894732764,213.1635634759661
8571581,PM,1.0,NV,L4,miss,,,,
8571581,PM,1.0,NV,L5,0,4.0,0.2,1840.3999999910595,397.1141985224135
8571581,PM,1.0,NV,L5,1,15.0,0.75,1838.9200000007947,395.4948802266941
8571581,PM,1.0,NV,L5,miss,1.0,0.05,,
8571581,PM,1.0,SiSSN,L1,0,2.0,0.1,2120.500000014901,41.436457373317
8571581,PM,1.0,SiSSN,L1,1,18.0,0.9,1708.8388888835907,184.27355987672289
8571581,PM,1.0,SiSSN,L1,miss,,,,
8571581,PM,1.0,SiSSN,L2,0,2.0,0.1,2468.25,317.42023405778247
8571581,PM,1.0,SiSSN,L2,1,18.0,0.9,1652.538888881604,333.2059249201636
8571581,PM,1.0,SiSSN,L2,miss,,,,
8571581,PM,1.0,SiSSN,L3,0,1.0,0.05,1363.2000000178814,
8571581,PM,1.0,SiSSN,L3,1,19.0,0.95,1545.6263157929243,179.47278915647738
8571581,PM,1.0,SiSSN,L3,miss,,,,
8571581,PM,1.0,SiSSN,L4,0,,,,
8571581,PM,1.0,SiSSN,L4,1,20.0,1.0,1580.5850000023845,219.1625430770273
8571581,PM,1.0,SiSSN,L4,miss,,,,
8571581,PM,1.0,SiSSN,L5,0,,,,
8571581,PM,1.0,SiSSN,L5,1,20.0,1.0,1534.60000000149,143.94765130539437
8571581,PM,1.0,SiSSN,L5,miss,,,,
8571581,PM,2.0,NV,L1,0,4.0,0.2,2375.199999988079,560.87341412108
8571581,PM,2.0,NV,L1,1,16.0,0.8,1826.5249999985097,500.9504586292827
8571581,PM,2.0,NV,L1,miss,,,,
8571581,PM,2.0,NV,L2,0,6.0,0.3,1794.8833333353202,583.1987668664995
8571581,PM,2.0,NV,L2,1,14.0,0.7,1894.22857142772,547.2433637087693
8571581,PM,2.0,NV,L2,miss,,,,
8571581,PM,2.0,NV,L3,0,2.0,0.1,2161.0,487.3379935853392
8571581,PM,2.0,NV,L3,1,18.0,0.9,2016.477777780758,668.5897419277958
8571581,PM,2.0,NV,L3,miss,,,,
8571581,PM,2.0,NV,L4,0,,,,
8571581,PM,2.0,NV,L4,1,20.0,1.0,1806.6750000044703,524.1921030692645
8571581,PM,2.0,NV,L4,miss,,,,
8571581,PM,2.0,NV,L5,0,1.0,0.05,3128.600000023842,
8571581,PM,2.0,NV,L5,1,19.0,0.95,1938.1578947352737,460.6190813736261
8571581,PM,2.0,NV,L5,miss,,,,
8571581,PM,2.0,SiSSN,L1,0,2.0,0.1,1557.449999988079,140.36069606552968
8571581,PM,2.0,SiSSN,L1,1,18.0,0.9,1849.5888888902132,407.171485608653
8571581,PM,2.0,SiSSN,L1,miss,,,,
8571581,PM,2.0,SiSSN,L2,0,2.0,0.1,2152.3999999910598,325.69338341030914
8571581,PM,2.0,SiSSN,L2,1,18.0,0.9,1625.2777777777778,358.49032894482383
8571581,PM,2.0,SiSSN,L2,miss,,,,
8571581,PM,2.0,SiSSN,L3,0,2.0,0.1,1799.5999999940395,653.6495085119858
8571581,PM,2.0,SiSSN,L3,1,18.0,0.9,1506.9888888895512,326.8094981863965
8571581,PM,2.0,SiSSN,L3,miss,,,,
8571581,PM,2.0,SiSSN,L4,0,,,,
8571581,PM,2.0,SiSSN,L4,1,20.0,1.0,1714.729999998212,462.0425818819908
8571581,PM,2.0,SiSSN,L4,miss,,,,
8571581,PM,2.0,SiSSN,L5,0,,,,
8571581,PM,2.0,SiSSN,L5,1,20.0,1.0,1689.670000000298,339.8673829605219
8571581,PM,2.0,SiSSN,L5,miss,,,,
8571588,PM,1.0,NV,L1,0,7.0,0.35,1788.7142857142858,547.1881803930936
8571588,PM,1.0,NV,L1,1,13.0,0.65,1574.5384615384614,320.37103889724887
8571588,PM,1.0,NV,L1,miss,,,,
8571588,PM,1.0,NV,L2,0,2.0,0.1,1473.5,181.7264427649427
8571588,PM,1.0,NV,L2,1,18.0,0.9,1446.0,306.088222576433
8571588,PM,1.0,NV,L2,miss,,,,
8571588,PM,1.0,NV,L3,0,3.0,0.15,1655.0,396.13760235554514
8571588,PM,1.0,NV,L3,1,17.0,0.85,1400.4117647058824,437.2638017866802
8571588,PM,1.0,NV,L3,miss,,,,
8571588,PM,1.0,NV,L4,0,3.0,0.15,1608.6666666666667,92.5004504493537
8571588,PM,1.0,NV,L4,1,17.0,0.85,1470.7058823529412,394.1420690413994
8571588,PM,1.0,NV,L4,miss,,,,
8571588,PM,1.0,NV,L5,0,3.0,0.15,1371.0,201.0696396774013
8571588,PM,1.0,NV,L5,1,17.0,0.85,1415.235294117647,207.95838808874865
8571588,PM,1.0,NV,L5,miss,,,,
8571588,PM,1.0,SiSSN,L1,0,3.0,0.15,1516.6666666666667,296.0174544403308
8571588,PM,1.0,SiSSN,L1,1,17.0,0.85,1463.470588235294,356.80423863216976
8571588,PM,1.0,SiSSN,L1,miss,,,,
8571588,PM,1.0,SiSSN,L2,0,3.0,0.15,1803.3333333333333,419.3570475541496
8571588,PM,1.0,SiSSN,L2,1,17.0,0.85,1461.764705882353,343.46297642754826
8571588,PM,1.0,SiSSN,L2,miss,,,,
8571588,PM,1.0,SiSSN,L3,0,4.0,0.2,983.75,395.4949430776581
8571588,PM,1.0,SiSSN,L3,1,16.0,0.8,1439.0625,330.22365527018195
8571588,PM,1.0,SiSSN,L3,miss,,,,
8571588,PM,1.0,SiSSN,L4,0,2.0,0.1,1100.0,169.7056274847714
8571588,PM,1.0,SiSSN,L4,1,17.0,0.85,1320.1176470588234,336.7552676560794
8571588,PM,1.0,SiSSN,L4,miss,1.0,0.05,,
8571588,PM,1.0,SiSSN,L5,0,,,,
8571588,PM,1.0,SiSSN,L5,1,20.0,1.0,1316.95,331.786944161143
8571588,PM,1.0,SiSSN,L5,miss,,,,
8571588,PM,2.0,NV,L1,0,4.0,0.2,1643.75,282.0819916265482
8571588,PM,2.0,NV,L1,1,16.0,0.8,1380.125,264.52469953988543
8571588,PM,2.0,NV,L1,miss,,,,
8571588,PM,2.0,NV,L2,0,3.0,0.15,1560.0,228.5016411319621
8571588,PM,2.0,NV,L2,1,17.0,0.85,1339.6470588235295,368.09729372417127
8571588,PM,2.0,NV,L2,miss,,,,
8571588,PM,2.0,NV,L3,0,3.0,0.15,1318.0,156.50239614779065
8571588,PM,2.0,NV,L3,1,17.0,0.85,1351.4117647058824,265.3613241467965
8571588,PM,2.0,NV,L3,miss,,,,
8571588,PM,2.0,NV,L4,0,6.0,0.3,1436.1666666666667,373.55075514134177
8571588,PM,2.0,NV,L4,1,14.0,0.7,1361.0,312.36172325342
8571588,PM,2.0,NV,L4,miss,,,,
8571588,PM,2.0,NV,L5,0,3.0,0.15,1520.0,116.56757696718245
8571588,PM,2.0,NV,L5,1,17.0,0.85,1455.7058823529412,330.6205840358935
8571588,PM,2.0,NV,L5,miss,,,,
8571588,PM,2.0,SiSSN,L1,0,2.0,0.1,1266.5,248.19448019647817
8571588,PM,2.0,SiSSN,L1,1,18.0,0.9,1372.888888888889,243.74598371083653
8571588,PM,2.0,SiSSN,L1,miss,,,,
8571588,PM,2.0,SiSSN,L2,0,3.0,0.15,1791.3333333333333,696.8158532448392
8571588,PM,2.0,SiSSN,L2,1,17.0,0.85,1263.2941176470588,258.7010254874056
8571588,PM,2.0,SiSSN,L2,miss,,,,
8571588,PM,2.0,SiSSN,L3,0,2.0,0.1,1142.5,133.64318164425748
8571588,PM,2.0,SiSSN,L3,1,18.0,0.9,1264.8333333333333,247.6309516908056
8571588,PM,2.0,SiSSN,L3,miss,,,,
8571588,PM,2.0,SiSSN,L4,0,,,,
8571588,PM,2.0,SiSSN,L4,1,20.0,1.0,1283.85,247.43213317254447
8571588,PM,2.0,SiSSN,L4,miss,,,,
8571588,PM,2.0,SiSSN,L5,0,2.0,0.1,1264.5,64.34671708797582
8571588,PM,2.0,SiSSN,L5,1,18.0,0.9,1249.2222222222222,199.92397247764424
8571588,PM,2.0,SiSSN,L5,miss,,,,
8571643,PM,1.0,NV,L1,0,1.0,0.05,1018.2000000029802,
8571643,PM,1.0,NV,L1,1,19.0,0.95,1173.8947368420072,167.21806612155618
8571643,PM,1.0,NV,L2,0,4.0,0.2,1254.5750000011176,148.35822356674052
8571643,PM,1.0,NV,L2,1,16.0,0.8,1103.6499999999069,147.24200034888077
8571643,PM,1.0,NV,L3,0,6.0,0.3,1270.7166666667908,178.89609740475285
8571643,PM,1.0,NV,L3,1,14.0,0.7,1100.2928571418993,165.2647594450718
8571643,PM,1.0,NV,L4,0,2.0,0.1,1485.300000000745,460.0436718410213
8571643,PM,1.0,NV,L4,1,18.0,0.9,1214.5111111114836,227.82134870965933
8571643,PM,1.0,NV,L5,0,2.0,0.1,1307.150000001304,397.0404576349293
8571643,PM,1.0,NV,L5,1,18.0,0.9,1115.1277777778191,170.2871236391108
8571643,PM,1.0,SiSSN,L1,0,1.0,0.05,1165.10000000149,
8571643,PM,1.0,SiSSN,L1,1,19.0,0.95,1140.9789473684996,147.9395130861002
8571643,PM,1.0,SiSSN,L2,0,2.0,0.1,1789.3499999996277,846.3361064037591
8571643,PM,1.0,SiSSN,L2,1,18.0,0.9,1217.0499999999172,329.729017527864
8571643,PM,1.0,SiSSN,L3,0,1.0,0.05,1387.10000000149,
8571643,PM,1.0,SiSSN,L3,1,19.0,0.95,1104.6526315784768,190.76867716512533
8571643,PM,1.0,SiSSN,L4,0,1.0,0.05,1256.4000000022352,
8571643,PM,1.0,SiSSN,L4,1,19.0,0.95,1165.005263158561,212.34336311694324
8571643,PM,1.0,SiSSN,L5,0,,,,
8571643,PM,1.0,SiSSN,L5,1,20.0,1.0,1044.1,152.7641491422737
8571643,PM,2.0,NV,L1,0,3.0,0.15,1035.766666666915,188.3963198527857
8571643,PM,2.0,NV,L1,1,17.0,0.85,1212.78823529403,255.76092323298312
8571643,PM,2.0,NV,L2,0,2.0,0.1,1217.7999999988824,498.36885938080553
8571643,PM,2.0,NV,L2,1,18.0,0.9,1222.0999999996277,240.7472338120926
8571643,PM,2.0,NV,L3,0,,,,
8571643,PM,2.0,NV,L3,1,20.0,1.0,1185.510000000149,248.18064494674155
8571643,PM,2.0,NV,L4,0,1.0,0.05,1207.300000000745,
8571643,PM,2.0,NV,L4,1,19.0,0.95,1119.005263157189,151.4513727371385
8571643,PM,2.0,NV,L5,0,3.0,0.15,1369.6333333353202,247.46293325180096
8571643,PM,2.0,NV,L5,1,17.0,0.85,1043.947058823617,163.62345154997482
8571643,PM,2.0,SiSSN,L1,0,4.0,0.2,1761.1749999998135,988.6940793290828
8571643,PM,2.0,SiSSN,L1,1,16.0,0.8,1152.2250000000931,131.91192768921715
8571643,PM,2.0,SiSSN,L2,0,,,,
8571643,PM,2.0,SiSSN,L2,1,20.0,1.0,1162.7900000004097,174.80701810513008
8571643,PM,2.0,SiSSN,L3,0,,,,
8571643,PM,2.0,SiSSN,L3,1,20.0,1.0,1110.1099999999628,117.88823833123382
8571643,PM,2.0,SiSSN,L4,0,1.0,0.05,1082.89999999851,
8571643,PM,2.0,SiSSN,L4,1,19.0,0.95,1122.747368421013,226.3708053621653
8571643,PM,2.0,SiSSN,L5,0,,,,
8571643,PM,2.0,SiSSN,L5,1,20.0,1.0,994.5850000005216,92.19941360151182
85717,PM,1.0,NV,L1,0,6.0,0.3,1222.0,150.55895855112706
85717,PM,1.0,NV,L1,1,14.0,0.7,1134.7857142857142,290.2940627314703
85717,PM,1.0,NV,L2,0,6.0,0.3,1372.3333333333333,297.8326151828685
85717,PM,1.0,NV,L2,1,14.0,0.7,1207.928571428571,225.64351199512583
85717,PM,1.0,NV,L3,0,5.0,0.25,1251.2,161.82150660527174
85717,PM,1.0,NV,L3,1,15.0,0.75,1228.7333333333331,311.47471043103195
85717,PM,1.0,NV,L4,0,2.0,0.1,1155.5,72.8319984622144
85717,PM,1.0,NV,L4,1,18.0,0.9,1137.4444444444443,209.59911939145448
85717,PM,1.0,NV,L5,0,6.0,0.3,1274.0,237.4632603162013
85717,PM,1.0,NV,L5,1,14.0,0.7,1310.071428571429,274.6128643649552
85717,PM,1.0,SiSSN,L1,0,7.0,0.35,1293.857142857143,190.41746118412965
85717,PM,1.0,SiSSN,L1,1,13.0,0.65,1189.923076923077,250.3978372971239
85717,PM,1.0,SiSSN,L2,0,3.0,0.15,1433.3333333333333,280.03809264693496
85717,PM,1.0,SiSSN,L2,1,17.0,0.85,1179.0588235294117,274.24794224119427
85717,PM,1.0,SiSSN,L3,0,4.0,0.2,1411.75,197.38182118253272
85717,PM,1.0,SiSSN,L3,1,16.0,0.8,1181.9375,396.7081998564352
85717,PM,1.0,SiSSN,L4,0,2.0,0.1,1688.0,876.812408671319
85717,PM,1.0,SiSSN,L4,1,18.0,0.9,1053.2222222222222,168.28846227816013
85717,PM,1.0,SiSSN,L5,0,2.0,0.1,1152.0,21.213203435596427
85717,PM,1.0,SiSSN,L5,1,18.0,0.9,1102.9444444444443,257.4468471062859
85717,PM,2.0,NV,L1,0,4.0,0.2,1424.25,167.1553668497266
85717,PM,2.0,NV,L1,1,16.0,0.8,1257.3125,275.0814955002729
85717,PM,2.0,NV,L2,0,3.0,0.15,1277.0,280.822007684583
85717,PM,2.0,NV,L2,1,17.0,0.85,1203.235294117647,224.7981120393821
85717,PM,2.0,NV,L3,0,5.0,0.25,1334.2,249.48186306823987
85717,PM,2.0,NV,L3,1,15.0,0.75,1339.8666666666666,744.2112667272712
85717,PM,2.0,NV,L4,0,6.0,0.3,1505.0,330.0230294994578
85717,PM,2.0,NV,L4,1,14.0,0.7,1229.071428571429,253.19784428712728
85717,PM,2.0,NV,L5,0,3.0,0.15,1694.3333333333333,396.455966449407
85717,PM,2.0,NV,L5,1,17.0,0.85,1294.0588235294117,227.3217627582749
85717,PM,2.0,SiSSN,L1,0,8.0,0.4,1418.625,285.3809171215603
85717,PM,2.0,SiSSN,L1,1,12.0,0.6,1065.0,215.87075257704973
85717,PM,2.0,SiSSN,L2,0,3.0,0.15,1084.6666666666667,145.76122026565682
85717,PM,2.0,SiSSN,L2,1,17.0,0.85,1073.235294117647,134.67253311819226
85717,PM,2.0,SiSSN,L3,0,5.0,0.25,1418.0,538.3623315203247
85717,PM,2.0,SiSSN,L3,1,15.0,0.75,1084.9333333333334,177.2820459311202
85717,PM,2.0,SiSSN,L4,0,1.0,0.05,1517.0,
85717,PM,2.0,SiSSN,L4,1,19.0,0.95,1087.2631578947369,139.3149278534322
85717,PM,2.0,SiSSN,L5,0,1.0,0.05,1374.0,
85717,PM,2.0,SiSSN,L5,1,19.0,0.95,1077.7368421052631,252.50387062055617
8571772,PM,1.0,NV,L1,0,1.0,0.05,1647.0,
8571772,PM,1.0,NV,L1,1,19.0,0.95,1353.421052631579,321.3989068275459
8571772,PM,1.0,NV,L2,0,2.0,0.1,1379.5,95.45941546018392
8571772,PM,1.0,NV,L2,1,18.0,0.9,1271.3333333333333,271.15981829692896
8571772,PM,1.0,NV,L3,0,5.0,0.25,1622.4,380.1247163760862
8571772,PM,1.0,NV,L3,1,15.0,0.75,1379.1333333333334,374.9388267564775
8571772,PM,1.0,NV,L4,0,3.0,0.15,1280.0,240.32686075426523
8571772,PM,1.0,NV,L4,1,17.0,0.85,1241.470588235294,309.90464615084807
8571772,PM,1.0,NV,L5,0,4.0,0.2,1626.0,571.9539608511627
8571772,PM,1.0,NV,L5,1,16.0,0.8,1181.5625,281.35931209043
8571772,PM,1.0,SiSSN,L1,0,2.0,0.1,1661.5,535.2798333582165
8571772,PM,1.0,SiSSN,L1,1,18.0,0.9,1224.1666666666667,230.57173185239284
8571772,PM,1.0,SiSSN,L2,0,3.0,0.15,1142.3333333333333,72.39705334703432
8571772,PM,1.0,SiSSN,L2,1,17.0,0.85,1212.764705882353,228.8540827175049
8571772,PM,1.0,SiSSN,L3,0,1.0,0.05,1411.0,
8571772,PM,1.0,SiSSN,L3,1,19.0,0.95,1142.2105263157894,214.32985454599557
8571772,PM,1.0,SiSSN,L4,0,,,,
8571772,PM,1.0,SiSSN,L4,1,20.0,1.0,1113.45,364.7276525385972
8571772,PM,1.0,SiSSN,L5,0,,,,
8571772,PM,1.0,SiSSN,L5,1,20.0,1.0,1172.75,223.26332694353263
8571772,PM,2.0,NV,L1,0,4.0,0.2,1710.75,461.7086924313497
8571772,PM,2.0,NV,L1,1,16.0,0.8,1222.0625,396.6740843143986
8571772,PM,2.0,NV,L2,0,5.0,0.25,1571.8,348.4920372117561
8571772,PM,2.0,NV,L2,1,15.0,0.75,1355.3333333333333,342.4534726826127
8571772,PM,2.0,NV,L3,0,1.0,0.05,1899.0,
8571772,PM,2.0,NV,L3,1,19.0,0.95,1261.3157894736842,255.796154221716
8571772,PM,2.0,NV,L4,0,,,,
8571772,PM,2.0,NV,L4,1,20.0,1.0,1317.6,413.4387754585092
8571772,PM,2.0,NV,L5,0,1.0,0.05,1412.0,
8571772,PM,2.0,NV,L5,1,19.0,0.95,1240.578947368421,427.6800875770831
8571772,PM,2.0,SiSSN,L1,0,2.0,0.1,1056.0,80.61017305526642
8571772,PM,2.0,SiSSN,L1,1,18.0,0.9,1124.5,266.9801160254096
8571772,PM,2.0,SiSSN,L2,0,1.0,0.05,1875.0,
8571772,PM,2.0,SiSSN,L2,1,19.0,0.95,1093.0526315789473,253.12984671556532
8571772,PM,2.0,SiSSN,L3,0,3.0,0.15,1009.0,176.22996340009834
8571772,PM,2.0,SiSSN,L3,1,17.0,0.85,1052.3529411764705,237.4502424657824
8571772,PM,2.0,SiSSN,L4,0,,,,
8571772,PM,2.0,SiSSN,L4,1,20.0,1.0,939.85,209.65919086887047
8571772,PM,2.0,SiSSN,L5,0,,,,
8571772,PM,2.0,SiSSN,L5,1,20.0,1.0,1009.25,167.18658816770528
8571795,PM,1.0,NV,L1,0,8.0,0.4,1408.1125000000466,443.6808648358079
8571795,PM,1.0,NV,L1,1,12.0,0.6,1150.0916666667133,253.5234092055249
8571795,PM,1.0,NV,L1,miss,,,,
8571795,PM,1.0,NV,L2,0,6.0,0.3,1509.7166666664805,561.5124626104711
8571795,PM,1.0,NV,L2,1,14.0,0.7,1095.4500000000533,219.8971813929808
8571795,PM,1.0,NV,L2,miss,,,,
8571795,PM,1.0,NV,L3,0,6.0,0.3,1485.1666666666667,315.05547236419034
8571795,PM,1.0,NV,L3,1,14.0,0.7,1180.0928571428435,339.40761848176385
8571795,PM,1.0,NV,L3,miss,,,,
8571795,PM,1.0,NV,L4,0,4.0,0.2,1919.40000000014,1233.477796043842
8571795,PM,1.0,NV,L4,1,15.0,0.75,1189.866666666791,171.87243885534625
8571795,PM,1.0,NV,L4,miss,1.0,0.05,,
8571795,PM,1.0,NV,L5,0,6.0,0.3,1035.7166666666355,146.49012822267355
8571795,PM,1.0,NV,L5,1,13.0,0.65,1260.900000000086,294.814984354604
8571795,PM,1.0,NV,L5,miss,1.0,0.05,,
8571795,PM,1.0,SiSSN,L1,0,7.0,0.35,1226.0857142857276,174.03354493276987
8571795,PM,1.0,SiSSN,L1,1,12.0,0.6,1443.2166666667133,539.0588074401403
8571795,PM,1.0,SiSSN,L1,miss,1.0,0.05,,
8571795,PM,1.0,SiSSN,L2,0,2.0,0.1,1747.0000000002328,815.0112759956805
8571795,PM,1.0,SiSSN,L2,1,18.0,0.9,1340.7166666666355,364.083676952952
8571795,PM,1.0,SiSSN,L2,miss,,,,
8571795,PM,1.0,SiSSN,L3,0,,,,
8571795,PM,1.0,SiSSN,L3,1,20.0,1.0,1310.9449999999954,315.5527839322197
8571795,PM,1.0,SiSSN,L3,miss,,,,
8571795,PM,1.0,SiSSN,L4,0,1.0,0.05,1272.7999999998135,
8571795,PM,1.0,SiSSN,L4,1,19.0,0.95,1262.9894736842743,301.4616317853117
8571795,PM,1.0,SiSSN,L4,miss,,,,
8571795,PM,1.0,SiSSN,L5,0,,,,
8571795,PM,1.0,SiSSN,L5,1,20.0,1.0,1211.7099999999627,224.4361705064244
8571795,PM,1.0,SiSSN,L5,miss,,,,
8571795,PM,2.0,NV,L1,0,3.0,0.15,1251.3333333333333,202.9953283534228
8571795,PM,2.0,NV,L1,1,17.0,0.85,1117.8882352942053,204.0002386099983
8571795,PM,2.0,NV,L1,miss,,,,
8571795,PM,2.0,NV,L2,0,5.0,0.25,1062.7200000001117,84.6290257536747
8571795,PM,2.0,NV,L2,1,15.0,0.75,1210.2,346.8268547026099
8571795,PM,2.0,NV,L2,miss,,,,
8571795,PM,2.0,NV,L3,0,3.0,0.15,1010.3999999997516,76.99681811632351
8571795,PM,2.0,NV,L3,1,17.0,0.85,1140.2941176470588,225.42653590079448
8571795,PM,2.0,NV,L3,miss,,,,
8571795,PM,2.0,NV,L4,0,6.0,0.3,1190.8666666665424,263.50588355235243
8571795,PM,2.0,NV,L4,1,14.0,0.7,1238.4857142857677,239.0922540235808
8571795,PM,2.0,NV,L4,miss,,,,
8571795,PM,2.0,NV,L5,0,4.0,0.2,1208.0,247.5433699377469
8571795,PM,2.0,NV,L5,1,16.0,0.8,1288.5312500000582,283.80715687198153
8571795,PM,2.0,NV,L5,miss,,,,
8571795,PM,2.0,SiSSN,L1,0,5.0,0.25,1289.439999999851,493.7651395144164
8571795,PM,2.0,SiSSN,L1,1,15.0,0.75,1311.4733333333706,498.8729174944461
8571795,PM,2.0,SiSSN,L1,miss,,,,
8571795,PM,2.0,SiSSN,L2,0,5.0,0.25,1185.9199999997393,186.2643470985716
8571795,PM,2.0,SiSSN,L2,1,15.0,0.75,1195.6733333332463,331.4481115752307
8571795,PM,2.0,SiSSN,L2,miss,,,,
8571795,PM,2.0,SiSSN,L3,0,6.0,0.3,1077.8499999999378,211.403971107394
8571795,PM,2.0,SiSSN,L3,1,14.0,0.7,1088.4428571430035,144.94386560273554
8571795,PM,2.0,SiSSN,L3,miss,,,,
8571795,PM,2.0,SiSSN,L4,0,7.0,0.35,1320.2428571428838,596.1737550329972
8571795,PM,2.0,SiSSN,L4,1,13.0,0.65,1086.292307692437,99.64345154538204
8571795,PM,2.0,SiSSN,L4,miss,,,,
8571795,PM,2.0,SiSSN,L5,0,3.0,0.15,1282.9000000000622,644.8450278942281
8571795,PM,2.0,SiSSN,L5,1,17.0,0.85,1103.4882352942163,134.7908559691943
8571795,PM,2.0,SiSSN,L5,miss,,,,
8571847,PM,1.0,NV,L1,0,9.0,0.45,2332.566666709052,669.030810191014
8571847,PM,1.0,NV,L1,1,11.0,0.55,1817.1363635930147,594.2010994329703
8571847,PM,1.0,NV,L1,miss,,,,
8571847,PM,1.0,NV,L2,0,4.0,0.2,1645.9000000953674,331.72972938213087
8571847,PM,1.0,NV,L2,1,16.0,0.8,1604.4000000357628,455.1125868481668
8571847,PM,1.0,NV,L2,miss,,,,
8571847,PM,1.0,NV,L3,0,6.0,0.3,1736.7166667779286,256.469939153109
8571847,PM,1.0,NV,L3,1,14.0,0.7,1834.8857142925265,620.4314997371729
8571847,PM,1.0,NV,L3,miss,,,,
8571847,PM,1.0,NV,L4,0,5.0,0.25,1845.0,285.8411971268133
8571847,PM,1.0,NV,L4,1,15.0,0.75,1775.0333333015442,436.7929546720673
8571847,PM,1.0,NV,L4,miss,,,,
8571847,PM,1.0,NV,L5,0,6.0,0.3,2157.3000000317893,879.0752277319533
8571847,PM,1.0,NV,L5,1,13.0,0.65,1571.7461539048415,332.51977026786386
8571847,PM,1.0,NV,L5,miss,1.0,0.05,,
8571847,PM,1.0,SiSSN,L1,0,7.0,0.35,2236.414285796029,764.593884471446
8571847,PM,1.0,SiSSN,L1,1,13.0,0.65,1525.076923076923,287.9173380987646
8571847,PM,1.0,SiSSN,L1,miss,,,,
8571847,PM,1.0,SiSSN,L2,0,1.0,0.05,2109.0,
8571847,PM,1.0,SiSSN,L2,1,19.0,0.95,1560.252631513696,372.4942883781056
8571847,PM,1.0,SiSSN,L2,miss,,,,
8571847,PM,1.0,SiSSN,L3,0,1.0,0.05,3566.4000000953674,
8571847,PM,1.0,SiSSN,L3,1,19.0,0.95,1610.136841999857,405.24723072397455
8571847,PM,1.0,SiSSN,L3,miss,,,,
8571847,PM,1.0,SiSSN,L4,0,1.0,0.05,1442.0999999046326,
8571847,PM,1.0,SiSSN,L4,1,19.0,0.95,1423.1736841954682,335.47764764548833
8571847,PM,1.0,SiSSN,L4,miss,,,,
8571847,PM,1.0,SiSSN,L5,0,1.0,0.05,1399.3000001907349,
8571847,PM,1.0,SiSSN,L5,1,19.0,0.95,1294.5368421705143,313.3933403652618
8571847,PM,1.0,SiSSN,L5,miss,,,,
8571847,PM,2.0,NV,L1,0,5.0,0.25,2135.4199999809266,1058.373970772098
8571847,PM,2.0,NV,L1,1,15.0,0.75,1785.7133334477742,537.5598781855822
8571847,PM,2.0,NV,L1,miss,,,,
8571847,PM,2.0,NV,L2,0,3.0,0.15,1926.0666666030884,452.3207304111563
8571847,PM,2.0,NV,L2,1,17.0,0.85,1420.8882352043602,296.7987110477866
8571847,PM,2.0,NV,L2,miss,,,,
8571847,PM,2.0,NV,L3,0,2.0,0.1,1256.9499998092651,114.19774516162742
8571847,PM,2.0,NV,L3,1,18.0,0.9,1545.9611110952164,451.0525992498878
8571847,PM,2.0,NV,L3,miss,,,,
8571847,PM,2.0,NV,L4,0,2.0,0.1,1379.5499999523165,89.30758693590558
8571847,PM,2.0,NV,L4,1,18.0,0.9,1524.6666666401757,424.4900927308565
8571847,PM,2.0,NV,L4,miss,,,,
8571847,PM,2.0,NV,L5,0,5.0,0.25,1575.9399999618531,367.694564816134
8571847,PM,2.0,NV,L5,1,15.0,0.75,1501.7666666348775,513.0722041781277
8571847,PM,2.0,NV,L5,miss,,,,
8571847,PM,2.0,SiSSN,L1,0,3.0,0.15,1229.1000000635784,149.60762015903862
8571847,PM,2.0,SiSSN,L1,1,17.0,0.85,1290.976470526527,262.7064224966296
8571847,PM,2.0,SiSSN,L1,miss,,,,
8571847,PM,2.0,SiSSN,L2,0,,,,
8571847,PM,2.0,SiSSN,L2,1,20.0,1.0,1324.6549999952315,337.0418784730989
8571847,PM,2.0,SiSSN,L2,miss,,,,
8571847,PM,2.0,SiSSN,L3,0,2.0,0.1,1704.2000000476835,343.2296316553852
8571847,PM,2.0,SiSSN,L3,1,18.0,0.9,1060.0666666295792,226.525573142168
8571847,PM,2.0,SiSSN,L3,miss,,,,
8571847,PM,2.0,SiSSN,L4,0,1.0,0.05,1409.3000001907349,
8571847,PM,2.0,SiSSN,L4,1,19.0,0.95,1202.7789473031696,214.9454648431966
8571847,PM,2.0,SiSSN,L4,miss,,,,
8571847,PM,2.0,SiSSN,L5,0,,,,
8571847,PM,2.0,SiSSN,L5,1,20.0,1.0,1190.3199999570847,253.2316883176636
8571847,PM,2.0,SiSSN,L5,miss,,,,
8571972,PM,1.0,NV,L1,1,20.0,1.0,1376.869999998808,213.62121444855975
8571972,PM,1.0,NV,L1,0,,,,
8571972,PM,1.0,NV,L2,1,17.0,0.85,1361.2000000021037,203.45583366306423
8571972,PM,1.0,NV,L2,0,3.0,0.15,1596.7333333293598,228.2099106673134
8571972,PM,1.0,NV,L3,1,15.0,0.75,1363.3266666650773,188.91981090308784
8571972,PM,1.0,NV,L3,0,5.0,0.25,1412.9,68.87143822082363
8571972,PM,1.0,NV,L4,1,18.0,0.9,1295.0666666726272,220.2443162147524
8571972,PM,1.0,NV,L4,0,2.0,0.1,1326.050000011921,121.69307705906355
8571972,PM,1.0,NV,L5,1,17.0,0.85,1308.323529415271,228.8397379468629
8571972,PM,1.0,NV,L5,0,3.0,0.15,1411.366666674614,86.0193195007729
8571972,PM,1.0,SiSSN,L1,1,15.0,0.75,1288.9466666499773,184.99055522305463
8571972,PM,1.0,SiSSN,L1,0,5.0,0.25,1431.6800000309945,155.4090473534682
8571972,PM,1.0,SiSSN,L2,1,20.0,1.0,1231.290000000596,327.0825775356018
8571972,PM,1.0,SiSSN,L2,0,,,,
8571972,PM,1.0,SiSSN,L3,1,18.0,0.9,1349.5222222208977,316.65703204600266
8571972,PM,1.0,SiSSN,L3,0,2.0,0.1,1180.4000000059605,91.0753534252567
8571972,PM,1.0,SiSSN,L4,1,19.0,0.95,1301.431578953015,229.64240329952784
8571972,PM,1.0,SiSSN,L4,0,1.0,0.05,1374.899999976158,
8571972,PM,1.0,SiSSN,L5,1,20.0,1.0,1216.0349999964235,208.5012716760648
8571972,PM,1.0,SiSSN,L5,0,,,,
8571972,PM,2.0,NV,L1,1,15.0,0.75,1179.0600000063578,162.94274104031746
8571972,PM,2.0,NV,L1,0,5.0,0.25,1391.2600000143052,352.44032543802945
8571972,PM,2.0,NV,L2,1,18.0,0.9,1407.8388888902134,310.16909645611565
8571972,PM,2.0,NV,L2,0,2.0,0.1,1486.899999976158,90.93393207744874
8571972,PM,2.0,NV,L3,1,19.0,0.95,1275.094736849007,168.25007007955287
8571972,PM,2.0,NV,L3,0,1.0,0.05,1437.300000011921,
8571972,PM,2.0,NV,L4,1,19.0,0.95,1287.884210514395,214.3071815668907
8571972,PM,2.0,NV,L4,0,1.0,0.05,1145.0999999642372,
8571972,PM,2.0,NV,L5,1,16.0,0.8,1237.518750000745,132.779572819564
8571972,PM,2.0,NV,L5,0,4.0,0.2,1378.3250000178814,313.4135327261218
8571972,PM,2.0,SiSSN,L1,1,18.0,0.9,1336.0333333313465,167.63066192741343
8571972,PM,2.0,SiSSN,L1,0,2.0,0.1,1258.5,123.03657992645928
8571972,PM,2.0,SiSSN,L2,1,18.0,0.9,1270.599999997351,231.49232232627557
8571972,PM,2.0,SiSSN,L2,0,2.0,0.1,1583.25,77.00392845435628
8571972,PM,2.0,SiSSN,L3,1,18.0,0.9,1223.227777785725,141.89538733405425
8571972,PM,2.0,SiSSN,L3,0,2.0,0.1,1275.0,39.59797974644666
8571972,PM,2.0,SiSSN,L4,1,20.0,1.0,1170.6549999922513,184.84166047346764
8571972,PM,2.0,SiSSN,L4,0,,,,
8571972,PM,2.0,SiSSN,L5,1,19.0,0.95,1166.394736838968,175.32423129750092
8571972,PM,2.0,SiSSN,L5,0,1.0,0.05,957.899999976158,
8571974,PM,1.0,NV,L1,0,4.0,0.2,1889.5,641.4808388928438
8571974,PM,1.0,NV,L1,1,16.0,0.8,1701.0625,449.88583273981857
8571974,PM,1.0,NV,L1,miss,,,,
8571974,PM,1.0,NV,L2,0,4.0,0.2,1812.25,335.34000159042563
8571974,PM,1.0,NV,L2,1,16.0,0.8,1810.9375,626.3299948908722
8571974,PM,1.0,NV,L2,miss,,,,
8571974,PM,1.0,NV,L3,0,2.0,0.1,2684.5,765.796644025031
8571974,PM,1.0,NV,L3,1,18.0,0.9,1409.388888888889,400.89387460125965
8571974,PM,1.0,NV,L3,miss,,,,
8571974,PM,1.0,NV,L4,0,5.0,0.25,1754.2,520.9498056434996
8571974,PM,1.0,NV,L4,1,15.0,0.75,1451.0,580.9243865230163
8571974,PM,1.0,NV,L4,miss,,,,
8571974,PM,1.0,NV,L5,0,4.0,0.2,1873.5,111.2160060422959
8571974,PM,1.0,NV,L5,1,15.0,0.75,1467.2,724.0545756857204
8571974,PM,1.0,NV,L5,miss,1.0,0.05,,
8571974,PM,1.0,SiSSN,L1,0,7.0,0.35,1321.7142857142858,282.62915294646814
8571974,PM,1.0,SiSSN,L1,1,13.0,0.65,1198.923076923077,225.11495638838304
8571974,PM,1.0,SiSSN,L1,miss,,,,
8571974,PM,1.0,SiSSN,L2,0,1.0,0.05,1245.0,
8571974,PM,1.0,SiSSN,L2,1,19.0,0.95,1270.7368421052631,330.1702998462836
8571974,PM,1.0,SiSSN,L2,miss,,,,
8571974,PM,1.0,SiSSN,L3,0,2.0,0.1,1549.5,607.4047250392443
8571974,PM,1.0,SiSSN,L3,1,18.0,0.9,1255.9444444444443,400.29319728275385
8571974,PM,1.0,SiSSN,L3,miss,,,,
8571974,PM,1.0,SiSSN,L4,0,,,,
8571974,PM,1.0,SiSSN,L4,1,20.0,1.0,1237.65,416.1030078693192
8571974,PM,1.0,SiSSN,L4,miss,,,,
8571974,PM,1.0,SiSSN,L5,0,1.0,0.05,978.0,
8571974,PM,1.0,SiSSN,L5,1,19.0,0.95,1094.1052631578948,235.37768579616932
8571974,PM,1.0,SiSSN,L5,miss,,,,
8571974,PM,2.0,NV,L1,0,2.0,0.1,1907.0,35.35533905932738
8571974,PM,2.0,NV,L1,1,18.0,0.9,1300.5555555555557,360.13154822390084
8571974,PM,2.0,NV,L1,miss,,,,
8571974,PM,2.0,NV,L2,0,5.0,0.25,1448.0,185.26737435393204
8571974,PM,2.0,NV,L2,1,15.0,0.75,1230.2,210.1421967552992
8571974,PM,2.0,NV,L2,miss,,,,
8571974,PM,2.0,NV,L3,0,2.0,0.1,1525.5,410.8290398693841
8571974,PM,2.0,NV,L3,1,18.0,0.9,1438.5555555555557,568.8957541456671
8571974,PM,2.0,NV,L3,miss,,,,
8571974,PM,2.0,NV,L4,0,5.0,0.25,1547.2,539.9946296029249
8571974,PM,2.0,NV,L4,1,15.0,0.75,1232.2,343.5371055026558
8571974,PM,2.0,NV,L4,miss,,,,
8571974,PM,2.0,NV,L5,0,6.0,0.3,1525.5,382.91395900384725
8571974,PM,2.0,NV,L5,1,14.0,0.7,1206.357142857143,310.5170891229059
8571974,PM,2.0,NV,L5,miss,,,,
8571974,PM,2.0,SiSSN,L1,0,3.0,0.15,1745.0,256.6495665299281
8571974,PM,2.0,SiSSN,L1,1,17.0,0.85,1223.235294117647,405.9154051972783
8571974,PM,2.0,SiSSN,L1,miss,,,,
8571974,PM,2.0,SiSSN,L2,0,3.0,0.15,1245.3333333333333,225.76388846166992
8571974,PM,2.0,SiSSN,L2,1,17.0,0.85,1205.7058823529412,261.6024571525185
8571974,PM,2.0,SiSSN,L2,miss,,,,
8571974,PM,2.0,SiSSN,L3,0,2.0,0.1,1221.0,439.8204178980326
8571974,PM,2.0,SiSSN,L3,1,18.0,0.9,1150.611111111111,300.79016310747625
8571974,PM,2.0,SiSSN,L3,miss,,,,
8571974,PM,2.0,SiSSN,L4,0,2.0,0.1,1176.5,229.80970388562795
8571974,PM,2.0,SiSSN,L4,1,18.0,0.9,1028.888888888889,244.3921364116883
8571974,PM,2.0,SiSSN,L4,miss,,,,
8571974,PM,2.0,SiSSN,L5,0,,,,
8571974,PM,2.0,SiSSN,L5,1,20.0,1.0,1117.25,222.9358829231778
8571974,PM,2.0,SiSSN,L5,miss,,,,
8572327,PM,1.0,NV,L1,0,5.0,0.25,1470.0,212.9788721915862
8572327,PM,1.0,NV,L1,1,15.0,0.75,1467.0666666666666,215.21267443646352
8572327,PM,1.0,NV,L2,0,3.0,0.15,1639.0,499.28248517247226
8572327,PM,1.0,NV,L2,1,17.0,0.85,1316.1764705882354,251.3725410854668
8572327,PM,1.0,NV,L3,0,3.0,0.15,1365.0,94.06380813043876
8572327,PM,1.0,NV,L3,1,17.0,0.85,1204.470588235294,248.24033658106887
8572327,PM,1.0,NV,L4,0,3.0,0.15,1387.6666666666667,120.96418202647148
8572327,PM,1.0,NV,L4,1,17.0,0.85,1307.1764705882354,211.81986311903023
8572327,PM,1.0,NV,L5,0,2.0,0.1,1686.0,101.82337649086284
8572327,PM,1.0,NV,L5,1,18.0,0.9,1320.0555555555557,346.26179694870154
8572327,PM,1.0,SiSSN,L1,0,3.0,0.15,1503.0,223.82359124989483
8572327,PM,1.0,SiSSN,L1,1,17.0,0.85,1210.0588235294117,195.8352211006218
8572327,PM,1.0,SiSSN,L2,0,3.0,0.15,1672.6666666666667,526.8788602072904
8572327,PM,1.0,SiSSN,L2,1,17.0,0.85,1198.3529411764705,214.9648056009607
8572327,PM,1.0,SiSSN,L3,0,,,,
8572327,PM,1.0,SiSSN,L3,1,20.0,1.0,1119.5,182.2145929796426
8572327,PM,1.0,SiSSN,L4,0,,,,
8572327,PM,1.0,SiSSN,L4,1,20.0,1.0,1119.65,244.1292313078206
8572327,PM,1.0,SiSSN,L5,0,2.0,0.1,1098.5,352.8462838120872
8572327,PM,1.0,SiSSN,L5,1,18.0,0.9,1079.2222222222222,187.03807588313504
8572327,PM,2.0,NV,L1,0,1.0,0.05,1649.0,
8572327,PM,2.0,NV,L1,1,19.0,0.95,1246.4736842105262,217.5809857963626
8572327,PM,2.0,NV,L2,0,2.0,0.1,1502.5,23.33452377915607
8572327,PM,2.0,NV,L2,1,18.0,0.9,1114.388888888889,190.78757478622776
8572327,PM,2.0,NV,L3,0,2.0,0.1,1131.5,84.14570696119915
8572327,PM,2.0,NV,L3,1,18.0,0.9,1176.888888888889,170.51682300613209
8572327,PM,2.0,NV,L4,0,2.0,0.1,1392.5,439.113311116846
8572327,PM,2.0,NV,L4,1,18.0,0.9,1161.888888888889,190.5400649203975
8572327,PM,2.0,NV,L5,0,1.0,0.05,1337.0,
8572327,PM,2.0,NV,L5,1,19.0,0.95,1124.6315789473683,156.18586168988816
8572327,PM,2.0,SiSSN,L1,0,2.0,0.1,1390.5,123.74368670764582
8572327,PM,2.0,SiSSN,L1,1,18.0,0.9,1271.0,168.50344733774998
8572327,PM,2.0,SiSSN,L2,0,1.0,0.05,1378.0,
8572327,PM,2.0,SiSSN,L2,1,19.0,0.95,1177.7894736842106,249.0393942392266
8572327,PM,2.0,SiSSN,L3,0,1.0,0.05,845.0,
8572327,PM,2.0,SiSSN,L3,1,19.0,0.95,1148.842105263158,251.1078261442227
8572327,PM,2.0,SiSSN,L4,0,,,,
8572327,PM,2.0,SiSSN,L4,1,20.0,1.0,1091.25,181.8466314464501
8572327,PM,2.0,SiSSN,L5,0,,,,
8572327,PM,2.0,SiSSN,L5,1,20.0,1.0,1111.2,193.68574656141487
